title,price,image,celebrity
Shilpa Shetty In Miraaz Saree Set,131200.0,https://ridhimehra.com/cdn/shop/files/2_be3f7ecc-d0ea-4deb-87f7-8802e769159f.jpg?v=1771411100&width=1080,Shilpa Shetty
Jacqueline Fernandez In Dilbar Anarkali Set,83400.0,https://ridhimehra.com/cdn/shop/files/1_4aeb3837-7140-4553-9a73-4123076fc346.jpg?v=1771409413&width=1080,Jacqueline Fernandez
Shilpa Shetty In Shama Cape Set,52700.0,https://ridhimehra.com/cdn/shop/files/2_ba3ac8da-c79e-4436-899e-64b971144b39.jpg?v=1771407530&width=1080,Shilpa Shetty
Sreeleela In Becoming Lehenga Set,354000.0,https://ridhimehra.com/cdn/shop/files/1_53743504-bb84-48b1-acba-b347239dc252.jpg?v=1769072157&width=1080,Sreeleela In
Karisma Kapoor in Mahroo Peplum set,104300.0,https://ridhimehra.com/cdn/shop/files/3_913fa73c-1f52-41d6-a8ea-614a09d458f6.jpg?v=1767357633&width=1080,Karisma Kapoor
Rasha in Cadenza Jacket Set,60000.0,https://ridhimehra.com/cdn/shop/files/CopyofAGimg_10311copy.jpg?v=1753694843&width=1080,Rasha in
Diana Penty in Glimpse Lehenga Set,317400.0,https://ridhimehra.com/cdn/shop/files/IMG_8570.jpg?v=1761725673&width=1080,Diana Penty
ADITI RAO IN SWARN LEHENGA SET,309200.0,https://ridhimehra.com/cdn/shop/files/IMG_0033_copy.jpg?v=1721395059&width=1080,ADITI RAO
Karan Johar In Belong Kurta Shawl Set,91900.0,https://ridhimehra.com/cdn/shop/files/IMG_6876_1.jpg?v=1760342466&width=1080,Karan Johar
TARA SUTARIA IN GALLAAN LEHENGA SET,365100.0,https://ridhimehra.com/cdn/shop/files/1_4cb0b75a-9c64-4b49-89fc-65c44c7caa53.jpg?v=1766747414&width=1080,TARA SUTARIA
Mira Rajput Kapoor in Flare Lehenga Set,102500.0,https://ridhimehra.com/cdn/shop/files/10.jpg?v=1756793984&width=1080,Mira Rajput
Nysa Devgan in Lustre Lehenga Set,157200.0,https://ridhimehra.com/cdn/shop/files/image00008_3.jpg?v=1766144729&width=1080,Nysa Devgan
Sara Tendulkar in Devotion Lehenga Set,238800.0,https://ridhimehra.com/cdn/shop/files/Look1Image1_fddd1c93-81bc-4716-82dc-dc75542b391c.jpg?v=1756794028&width=1080,Sara Tendulkar
Prajakati Koli in Knot Saree Set,95200.0,https://ridhimehra.com/cdn/shop/files/WhatsAppImage2025-12-03at9.57.27AM_2.jpg?v=1766129218&width=1080,Prajakati Koli
Rakul Preet Singh in Maheera Saree Set,159800.0,https://ridhimehra.com/cdn/shop/files/RM1_95d9549e-4fc3-4d23-8197-fa0aceaea900.jpg?v=1760344031&width=1080,Rakul Preet
Jackky Bhagnani in Mehez Kurta Bandi Set,66400.0,https://ridhimehra.com/cdn/shop/files/RM8_7275ed75-83a5-4ac3-9f1a-bd9938072845.jpg?v=1760343563&width=1080,Jackky Bhagnani
,,https://ridhimehra.com/cdn/shop/files/16_7ecce77c-1687-40df-be4e-e4912731010e.jpg?v=1756793859&width=1080,  
SAMANTHA PRABHU IN LADY SAREE SKIRT SET,262800.0,https://ridhimehra.com/cdn/shop/files/Samantha_Prabhu.jpg?v=1721281626&width=1080,SAMANTHA PRABHU
Sara Tendulkar in Loop Jacket Skirt Set,105300.0,https://ridhimehra.com/cdn/shop/files/Look2Image1.jpg?v=1756794134&width=1080,Sara Tendulkar
Sara Tendulkar in Affinity Sharara Set,142400.0,https://ridhimehra.com/cdn/shop/files/CoverImage_b1d38a56-4a54-4157-b31b-365f3e139f3f.jpg?v=1756896903&width=1080,Sara Tendulkar
Vani Kapoor in Ornate Anarkali Set,89700.0,https://ridhimehra.com/cdn/shop/files/WhatsAppImage2025-07-25at10.19.52_41bd05df.jpg?v=1753694769&width=1080,Vani Kapoor
Wamiqa Gabbi in Aafa,79200.0,https://ridhimehra.com/cdn/shop/files/IMG_1633.jpg?v=1747480750&width=1080,Wamiqa Gabbi
Diana Penty in Garnet Saree Set,56800.0,https://ridhimehra.com/cdn/shop/files/DP_HT_170425_2617m-copy-3copy.jpg?v=1748259551&width=1080,Diana Penty
Shilpa Shetty in Waltz Cape Pants Set,62200.0,https://ridhimehra.com/cdn/shop/files/IMG_9769.jpg?v=1742903179&width=1080,Shilpa Shetty
Nora Fatehi in Aani,89700.0,https://ridhimehra.com/cdn/shop/files/DSC08155_copy_1.jpg?v=1755858341&width=1080,Nora Fatehi
Aditi Rao in SNEH RUFFLE SAREE SET,95100.0,https://ridhimehra.com/cdn/shop/files/IMG_8319.jpg?v=1755858331&width=1080,Aditi Rao
Karisma Kapoor In Ziba Lehenga Set,94000.0,https://ridhimehra.com/cdn/shop/files/Layer_6.jpg?v=1753093355&width=1080,Karisma Kapoor
Shanaya Kapoor in Rani Lehenga Set,317400.0,https://ridhimehra.com/cdn/shop/files/rm-3.png?v=1727435999&width=1080,Shanaya Kapoor
Lisa Mishra in Cadenza Jacket Set,60000.0,https://ridhimehra.com/cdn/shop/files/RM-1.jpg?v=1747396591&width=1080,Lisa Mishra
Aditi Rao Hydari in Spotlight,83400.0,https://ridhimehra.com/cdn/shop/files/ADITI1stSEPT06831.jpg?v=1753121904&width=1080,Aditi Rao
Anaita Shroff in Sable,79200.0,https://ridhimehra.com/cdn/shop/files/RM_1_3690a897-f026-4eb7-9f7f-7ad2d368ef59.jpg?v=1740052250&width=1080,Anaita Shroff
Sonakshi Sinha in Ibtida Anarkali set,252600.0,https://ridhimehra.com/cdn/shop/files/Sonakshi-_-Zaheer-7th-Sept-240221-insta.jpg?v=1726061028&width=1080,Sonakshi Sinha
ALIA BHATT IN FLORIAN,66400.0,https://ridhimehra.com/cdn/shop/products/1_4fa09103-43a4-4200-9707-20591d723cfb.jpg?v=1755858795&width=1080,ALIA BHATT
Sonali Bendre in Topaz Saree Set,56800.0,https://ridhimehra.com/cdn/shop/files/5_06451ff1-8b0e-4755-84eb-a4ef61d94a16.png?v=1756356666&width=1080,Sonali Bendre
GENELIA IN EWAZ,83400.0,https://ridhimehra.com/cdn/shop/files/IMG_7874.jpg?v=1740053602&width=1080,GENELIA IN
MRUNAL THAKUR IN SWAY ANARKALI SET,84300.0,https://ridhimehra.com/cdn/shop/files/Mrunal_Thakur_51d0b0b4-7451-4e95-985d-c34ae7fea025.jpg?v=1755858336&width=1080,MRUNAL THAKUR
ESHA GUPTA IN SITARA SAREE SET,248200.0,https://ridhimehra.com/cdn/shop/files/IMG_6426_1.jpg?v=1740052283&width=1080,ESHA GUPTA
Sonali Bendre in Zarina Lehenga set,210800.0,https://ridhimehra.com/cdn/shop/files/449667181_2410914559108763_8747434401182339175_n.jpg?v=1753093388&width=1080,Sonali Bendre
Kriti Kharbanda's Haldi Crop Top Pant Set,165800.0,https://ridhimehra.com/cdn/shop/files/WhatsAppImage2024-03-24at6.49.56PM_4.jpg?v=1712819287&width=1080,Kriti Kharbanda's
Esha gupta in Saaja,83400.0,https://ridhimehra.com/cdn/shop/files/069A2175.jpg?v=1730873206&width=1080,Esha gupta
Mrunal Thakur In Flamboyance,83400.0,https://ridhimehra.com/cdn/shop/files/MT_0717.jpg?v=1740052340&width=1080,Mrunal Thakur
Kriti Kharbanda IN Asira,66500.0,https://ridhimehra.com/cdn/shop/products/2_2_a7783680-d128-4e92-8c03-b5b9802ec261.png?v=1740052492&width=1080,Kriti Kharbanda
Prerna Goel in Swarn Lehenga Set,309200.0,https://ridhimehra.com/cdn/shop/files/IMG_4018.jpg?v=1766144619&width=1080,Prerna Goel
Muskan Chanana in Meetha Lehenga Set,284800.0,https://ridhimehra.com/cdn/shop/files/image00001_1x_1.jpg?v=1766145048&width=1080,Muskan Chanana
Karma Dhingra in Floret Lehenga Set,102500.0,https://ridhimehra.com/cdn/shop/files/IMG_8309.jpg?v=1766145235&width=1080,Karma Dhingra
Sharnamli in Knot Saree Set,95200.0,https://ridhimehra.com/cdn/shop/files/IMG_7541.jpg?v=1766145354&width=1080,Sharnamli in
Parul Gulati in Naqaa Saree Set,89700.0,https://ridhimehra.com/cdn/shop/files/IMG_5390.jpg?v=1766145652&width=1080,Parul Gulati
Krithi shetty in weave Saree Set,114400.0,https://ridhimehra.com/cdn/shop/files/WhatsAppImage2025-06-24at11.43.54AM.jpg?v=1750858138&width=1080,Krithi shetty
Mira Rajput Kapoor in Twined Saree Set,95200.0,https://ridhimehra.com/cdn/shop/files/1_a8ba8b67-dc42-446e-bcb9-41fcb4f20334.jpg?v=1756793812&width=1080,Mira Rajput
Aditi Rao in Cajsa,83400.0,https://ridhimehra.com/cdn/shop/files/ASH_9641_1.jpg?v=1755858333&width=1080,Aditi Rao
SHANNO LEHENGA SET,341100.0,https://ridhimehra.com/cdn/shop/files/RM_875.jpg?v=1755858451&width=1080,SHANNO LEHENGA
Nimrat Kaur in Flamboyance Saree Set,,https://ridhimehra.com/cdn/shop/files/3_45d9d346-b0f2-413c-8714-2ad11dd04e41.png?v=1756356608&width=1080,Nimrat Kaur
Aditi Rao in Lien,79200.0,https://ridhimehra.com/cdn/shop/files/ADITI1Acopy.jpg?v=1723013974&width=1080,Aditi Rao
MADHURI DIXIT IN FINESSE,190200.0,https://ridhimehra.com/cdn/shop/files/02MadhuriDixit51037.jpg?v=1740052301&width=1080,MADHURI DIXIT
MEHFIL JACKET SET,272800.0,https://ridhimehra.com/cdn/shop/files/RM_444.jpg?v=1708601106&width=1080,MEHFIL JACKET
MEETHA LEHENGA SET,284800.0,https://ridhimehra.com/cdn/shop/files/RM_714.jpg?v=1738240737&width=1080,MEETHA LEHENGA
MILAN PANT SUIT SET,237500.0,https://ridhimehra.com/cdn/shop/files/RM_286.jpg?v=1744451023&width=1080,MILAN PANT
Urmi Daga in Garnet Saree Set,56800.0,https://ridhimehra.com/cdn/shop/files/IMG_8113.jpg?v=1753694932&width=1080,Urmi Daga
Shivangi sipani in Shanno Lehenga Set,341100.0,https://ridhimehra.com/cdn/shop/files/007K1009.jpg?v=1749621283&width=1080,Shivangi sipani
Sushmita in Shanno Lehenga Set,341100.0,https://ridhimehra.com/cdn/shop/files/image4.jpg?v=1748258806&width=1080,Sushmita in
Harjess in Starlet Lehenga Set,262800.0,https://ridhimehra.com/cdn/shop/files/IMG_0910.jpg?v=1747137241&width=1080,Harjess in
Manya in Shanno Lehenga Set,341100.0,https://ridhimehra.com/cdn/shop/files/T9A8759.jpg?v=1747136874&width=1080,Manya in
Serena Alam Shah in Swarn Lehenga Set,309200.0,https://ridhimehra.com/cdn/shop/files/SxV-1764.jpg?v=1747136390&width=1080,Serena Alam
Niharika Dubey in Flamboyance Saree Set,,https://ridhimehra.com/cdn/shop/files/Niharika_Ravi_Guestbook-52_1.jpg?v=1747134852&width=1080,Niharika Dubey
Vinny Dhadly Gill in Milan Pant Suit Set,237500.0,https://ridhimehra.com/cdn/shop/files/IMG_5429.jpg?v=1769144419&width=1080,Vinny Dhadly
Ridhi mehra in Quartz Saree Set,56800.0,https://ridhimehra.com/cdn/shop/files/P1011551_1.jpg?v=1745324874&width=1080,Ridhi mehra
RIDHI MEHRA IN ICON PANT SUIT,99900.0,https://ridhimehra.com/cdn/shop/files/RMIC_43.jpg?v=1741612369&width=1080,RIDHI MEHRA
RIDHI MEHRA IN SASHAY CAPE SHARARA SET,124900.0,https://ridhimehra.com/cdn/shop/files/RMIC_12...jpg?v=1741612115&width=1080,RIDHI MEHRA
RIDHI MEHRA IN SHOWCASE KURTA SET,132800.0,https://ridhimehra.com/cdn/shop/files/RMIC-46.jpg?v=1741611942&width=1080,RIDHI MEHRA
RIDHI MEHRA IN CORYMBIA,26200.0,https://ridhimehra.com/cdn/shop/files/RMPC-24_1.jpg?v=1741611795&width=1080,RIDHI MEHRA
RIDHI MEHRA IN AWESPRING PEPLUM SHARARA SET,58000.0,https://ridhimehra.com/cdn/shop/files/RMIC_42.jpg?v=1741611599&width=1080,RIDHI MEHRA
Navdeep Kaur in Sagan Saree Set,296300.0,https://ridhimehra.com/cdn/shop/files/WhatsApp_Image_2025-03-03_at_8.57.46_PM_1.jpg?v=1741349763&width=1080,Navdeep Kaur
Priyanka Nagar in Zaral Lehenga Set,121700.0,https://ridhimehra.com/cdn/shop/files/IMG_5070.jpg?v=1740987730&width=1080,Priyanka Nagar
Neha nagar in Sunehri Lehenga Set,124900.0,https://ridhimehra.com/cdn/shop/files/WhatsApp_Image_2025-02-16_at_4.47.09_PM_1.jpg?v=1740987198&width=1080,Neha nagar
KRITI SANON IN CHIC SAREE GOWN SET,84300.0,https://ridhimehra.com/cdn/shop/files/New_Project_67.jpg?v=1740218742&width=1080,KRITI SANON
NICOLE MEHTA IN RAZZLE LEHENGA SET,95200.0,https://ridhimehra.com/cdn/shop/files/IMG-20250203-WA0105_ba5b6eed-2ef2-4772-b60a-5cd99b1bfc1c.jpg?v=1738843123&width=1080,NICOLE MEHTA
PAVITRA SAGAR IN NAGHMA SAREE SET,89700.0,https://ridhimehra.com/cdn/shop/files/20240816_122401_690.jpg?v=1740052253&width=1080,PAVITRA SAGAR
PAVITRA SAGAR IN MAHA,237500.0,https://ridhimehra.com/cdn/shop/files/20240816_122755_162.jpg?v=1740052255&width=1080,PAVITRA SAGAR
PRAGYA JAISWAL IN ZEEANA,251600.0,https://ridhimehra.com/cdn/shop/files/IMG_6722.jpg?v=1755858297&width=1080,PRAGYA JAISWAL
Isha Sutaria in Eshrat,157200.0,https://ridhimehra.com/cdn/shop/files/471536908_1373747043591895_694181394521396489_n_1.jpg?v=1740053564&width=1080,Isha Sutaria
Natasha Luthra in Regal Saree Set,87400.0,https://ridhimehra.com/cdn/shop/files/WhatsApp_Image_2024-12-14_at_15.58.39_0835dbe7.jpg?v=1740052258&width=1080,Natasha Luthra
Payal Shah in Cadenza Jacket Set,60000.0,https://ridhimehra.com/cdn/shop/files/IMG_2251.jpg?v=1736497613&width=1080,Payal Shah
Smridhi Sibal In Maha,237500.0,https://ridhimehra.com/cdn/shop/files/IMG-20241218-WA0002.jpg?v=1740052259&width=1080,Smridhi Sibal
Masoom Minawala in Moti Lehenga Set,258900.0,https://ridhimehra.com/cdn/shop/files/WhatsApp_Image_2024-12-30_at_5.48.51_PM.jpg?v=1736496940&width=1080,Masoom Minawala
KARMAA DHINGRA IN MEETHA LEHENGA SET,284800.0,https://ridhimehra.com/cdn/shop/files/Layer_14.jpg?v=1738240737&width=1080,KARMAA DHINGRA
Neha Nagar In Miraaz Saree Set,131200.0,https://ridhimehra.com/cdn/shop/files/FestiveDiaries-7.jpg?v=1734416193&width=1080,Neha Nagar
Bahaar Dhawan in Zeeb Pant Suit Set,105300.0,https://ridhimehra.com/cdn/shop/files/image00003_a6144082-942b-4f46-8aeb-aad5dba853ae.jpg?v=1731677754&width=1080,Bahaar Dhawan
Ami Desai in Amal,288200.0,https://ridhimehra.com/cdn/shop/files/4Q3A3355.jpg?v=1755858304&width=1080,Ami Desai
Rhea Khaneja in Allure Saree Set,95200.0,https://ridhimehra.com/cdn/shop/files/Ridhi_M_1.jpg?v=1731677220&width=1080,Rhea Khaneja
Ridhi Mehra in Ratan Saree Set,167900.0,https://ridhimehra.com/cdn/shop/files/IMG_3899.jpg?v=1740052262&width=1080,Ridhi Mehra
Arushi's Mehra in Sunehri Lehenga Set,124900.0,https://ridhimehra.com/cdn/shop/files/Layer_1_ff42f993-bac9-435f-93d8-53b0a096508d.jpg?v=1753093384&width=1080,Arushi's Mehra
Sanjana Batra in Shanno Lehenga Set,341100.0,https://ridhimehra.com/cdn/shop/files/WhatsAppImage2024-10-25at1.09.13AM_1_02dab96f-6858-44dd-b921-2320e6986d3c.jpg?v=1757440525&width=1080,Sanjana Batra
Aarushi Mehra in Chashm Saree Set,83400.0,https://ridhimehra.com/cdn/shop/files/edited2.jpg?v=1740052272&width=1080,Aarushi Mehra
Summiya in Pulse Jacket Set,62200.0,https://ridhimehra.com/cdn/shop/files/Photo12-10-24_21710AM.jpg?v=1730871918&width=1080,Summiya in
Hanna Khan in Fanon Anarkali set,84300.0,https://ridhimehra.com/cdn/shop/files/WhatsAppImage2024-10-28at10.22.22AM_1.jpg?v=1730871724&width=1080,Hanna Khan
Nushrat in O.G. Saree Skirt Set,176100.0,https://ridhimehra.com/cdn/shop/files/IMG-0859.jpg?v=1730871261&width=1080,Nushrat in
Navneet in Jive Jacket Set,52800.0,https://ridhimehra.com/cdn/shop/files/image1_2.jpg?v=1729754559&width=1080,Navneet in
Bahaar Dhawan in Cadenza Jacket Set,60000.0,https://ridhimehra.com/cdn/shop/files/image00017.jpg?v=1729247495&width=1080,Bahaar Dhawan
Khushnaz Turner in Glamour Saree Set,95200.0,https://ridhimehra.com/cdn/shop/files/DSC00168.jpg?v=1755858308&width=1080,Khushnaz Turner
SNEHA REDDY IN AMAL,288200.0,https://ridhimehra.com/cdn/shop/files/IMG_4181.jpg?v=1740052329&width=1080,SNEHA REDDY
Sharnamli in Glide Top Pants Set,31600.0,https://ridhimehra.com/cdn/shop/files/WhatsAppImage2024-10-14at3.26.55PM_1.jpg?v=1729246974&width=1080,Sharnamli in
Krithi Shetty in Razzle Lehenga Set,95200.0,https://ridhimehra.com/cdn/shop/files/462210085_548148474364044_614801806232944957_n.jpg?v=1729246839&width=1080,Krithi Shetty
divya bopanna in MOTI LEHENGA SET,258900.0,https://ridhimehra.com/cdn/shop/files/01_d24313b7-4e9d-4347-bd3c-a21ab81484e3.jpg?v=1755858312&width=1080,divya bopanna
divya bopanna in SHANNO LEHENGA SET,341100.0,https://ridhimehra.com/cdn/shop/files/02_924ef6f0-802d-43ad-a159-eaa19d9338b3.jpg?v=1755858314&width=1080,divya bopanna
Natasha Shah in Gravitas Saree Set,89700.0,https://ridhimehra.com/cdn/shop/files/rm2_91b209be-5533-4b56-91d9-7521849dbdc3.jpg?v=1755858318&width=1080,Natasha Shah
Kiran in DEMI LEHENGA SET,95200.0,https://ridhimehra.com/cdn/shop/files/03_d8e2e06f-ea10-4418-b433-248303962cf8.jpg?v=1755858322&width=1080,Kiran in
ISHA IN LADY SAREE SKIRT SET,262800.0,https://ridhimehra.com/cdn/shop/files/03_1dcbc721-2f17-485b-8033-a37b3d1cc9e5.jpg?v=1726230607&width=1080,ISHA IN
House Of Misu in Shiraz,,https://ridhimehra.com/cdn/shop/files/01_38e2472b-ba66-4aeb-9824-10fa45e50d8a.jpg?v=1755858325&width=1080,House Of
Priyanka Mohan in Glamour Saree Set,95200.0,https://ridhimehra.com/cdn/shop/files/PM8314.jpg?v=1755858328&width=1080,Priyanka Mohan
Madhuri Dixit in Naghma Saree set,89700.0,https://ridhimehra.com/cdn/shop/files/IMG_6408_1.jpg?v=1740052280&width=1080,Madhuri Dixit
PAVAN VIRDI IN JHUMKA LEHENGA SET,317400.0,https://ridhimehra.com/cdn/shop/files/IMG_1238.jpg?v=1721293930&width=1080,PAVAN VIRDI
Pakeeza Saree Set,170800.0,https://ridhimehra.com/cdn/shop/files/IMG_0752.jpg?v=1740052285&width=1080,Pakeeza Saree
MUSKAN CHANANA IN STARLET LEHENGA SET,262800.0,https://ridhimehra.com/cdn/shop/files/muskaan_1.jpg?v=1750742596&width=1080,MUSKAN CHANANA
PAVITRA SAGAR IN BELLE SAREE SET,83400.0,https://ridhimehra.com/cdn/shop/files/Pavitra_Sagar.jpg?v=1740052288&width=1080,PAVITRA SAGAR
"House of Misu, Summiya in SWARN LEHENGA SET",309200.0,https://ridhimehra.com/cdn/shop/files/Summiya_House_of_Misu.jpg?v=1721289440&width=1080,House of
ANTARA MOTIWAL MARWAH IN RATAN SAREE SET,167900.0,https://ridhimehra.com/cdn/shop/files/WhatsApp_Image_2024-07-15_at_1.34.30_PM_1.jpg?v=1740052289&width=1080,ANTARA MOTIWAL
RIDHI MEHRA IN EVEONIC PANT SUIT,231900.0,https://ridhimehra.com/cdn/shop/files/RidhiMehra0167.jpg?v=1750742599&width=1080,RIDHI MEHRA
Summiya in Enchanted,367700.0,https://ridhimehra.com/cdn/shop/files/WhatsAppImage2024-01-10at4.38.58PM.jpg?v=1706009084&width=1080,Summiya in
RIDHI MEHRA IN CHICANCHOR SHIRT PANT SET,30500.0,https://ridhimehra.com/cdn/shop/files/DSC03472.jpg?v=1755858454&width=1080,RIDHI MEHRA
Madhuri Dixit in Rukm,95200.0,https://ridhimehra.com/cdn/shop/files/WhatsAppImage2024-01-03at13.24.44_b16642d2.jpg?v=1704793052&width=1080,Madhuri Dixit
Niki Mehra in Ibaarat,95200.0,https://ridhimehra.com/cdn/shop/files/IMG_6366.jpg?v=1740052328&width=1080,Niki Mehra
Ridhi Mehra in Eve Ivory,78000.0,https://ridhimehra.com/cdn/shop/files/RidhiMehra0389.jpg?v=1701337180&width=1080,Ridhi Mehra
ESHA GUPTA IN MUSE,83400.0,https://ridhimehra.com/cdn/shop/files/IMG_0069.jpg?v=1740052330&width=1080,ESHA GUPTA
Summiyya in icon,99900.0,https://ridhimehra.com/cdn/shop/files/Photo02-11-23_111430AM.jpg?v=1699426793&width=1080,Summiyya in
Vaani Kapoor in  Laiqa,55900.0,https://ridhimehra.com/cdn/shop/files/WhatsAppImage2023-08-31at11.14.38AM_2.jpg?v=1693898615&width=1080,Vaani Kapoor
SHILPA SHETTY IN  HELENOR,68500.0,https://ridhimehra.com/cdn/shop/files/355821690_287468750364483_3697036523027977883_n.jpg?v=1692374709&width=1080,SHILPA SHETTY
Hanna S Khan in Reanna,251600.0,https://ridhimehra.com/cdn/shop/files/1D2A1109copy.jpg?v=1690528420&width=1080,Hanna S
Summiyya in  Maaziya,83400.0,https://ridhimehra.com/cdn/shop/products/Photo30-06-23_93847PM.jpg?v=1740052370&width=1080,Summiyya in
Summiyya in Amal,288200.0,https://ridhimehra.com/cdn/shop/products/Photo30-06-23_93049PM.jpg?v=1740052373&width=1080,Summiyya in
Madhuri Dixit in  Ibaarat,95200.0,https://ridhimehra.com/cdn/shop/files/1stPost_1.jpg?v=1740052375&width=1080,Madhuri Dixit
Alisha Pekha in  Ozella,104300.0,https://ridhimehra.com/cdn/shop/files/3_502ac391-3535-475a-8a35-c132d496828a.jpg?v=1684308327&width=1080,Alisha Pekha
Genelia D_Souza in finna,209900.0,https://ridhimehra.com/cdn/shop/files/4_8ca95d8d-27e1-4a4e-b5e2-0c2666c5e2c4.jpg?v=1684307485&width=1080,Genelia D_Souza
Navdeep kaur in Charmaine,99900.0,https://ridhimehra.com/cdn/shop/files/13_e7464bef-c5af-4541-ac5a-e732e5a726c0.jpg?v=1684307413&width=1080,Navdeep kaur
Pragya jaiswal in Roos,87400.0,https://ridhimehra.com/cdn/shop/files/1_cd4aad2e-a72a-476e-8306-9b510f198274.jpg?v=1684307354&width=1080,Pragya jaiswal
Mrunal Thakur in  Dilek,55900.0,https://ridhimehra.com/cdn/shop/products/1_7c4628d8-babf-4502-957e-475b0756360e.jpg?v=1678448794&width=1080,Mrunal Thakur
NUPUR SANON IN POMP,62200.0,https://ridhimehra.com/cdn/shop/files/IMG_3397.jpg?v=1740053600&width=1080,NUPUR SANON
Aditi Rao Hydri In Jorunn,55900.0,https://ridhimehra.com/cdn/shop/products/8_2f1c5473-a892-4389-9f3c-f30f61941b4e.jpg?v=1678448911&width=1080,Aditi Rao
Saachi Gilani In Beyza,89700.0,https://ridhimehra.com/cdn/shop/products/1_766ff03e-4f7e-4756-aa03-69b90a93b619.jpg?v=1740052406&width=1080,Saachi Gilani
Sophie Chaudhory In Fulvia,99900.0,https://ridhimehra.com/cdn/shop/products/1_b3886baa-65b6-47b6-bf32-c989e9377b67.jpg?v=1740052408&width=1080,Sophie Chaudhory
Ridhi Mehra In Maha,237500.0,https://ridhimehra.com/cdn/shop/products/RIDHI-MEHRA-CHAMPAGNE_NET_EMBROIDERED_SAREE.jpg?v=1755858730&width=1080,Ridhi Mehra
Diipa khosla In Roos,87400.0,https://ridhimehra.com/cdn/shop/products/Resizing-_1200-1800.jpg?v=1669121411&width=1080,Diipa khosla
Esha Gupta in  Reanna,251600.0,https://ridhimehra.com/cdn/shop/products/4_a071f383-1467-4134-8660-fe18c0a7a97f.jpg?v=1667296920&width=1080,Esha Gupta
Kriti Kharbanda in Beyza,89700.0,https://ridhimehra.com/cdn/shop/products/2_b3cefd57-aad6-42be-b3fc-72b0fdf292f3.jpg?v=1740052420&width=1080,Kriti Kharbanda
Esha Gupta in  Charmaine,99900.0,https://ridhimehra.com/cdn/shop/products/1_ff7021b6-465b-4817-b2ca-546f96a720e5.jpg?v=1667296905&width=1080,Esha Gupta
RIDHI MEHRA IN FAINE,62200.0,https://ridhimehra.com/cdn/shop/products/Ridhi-Mehra.jpg?v=1667296667&width=1080,RIDHI MEHRA
Mira Rajput Kapoor in Posie,79200.0,https://ridhimehra.com/cdn/shop/products/1_35ecd44b-9db8-44a5-ad20-ae564ddbda94.jpg?v=1660717434&width=1080,Mira Rajput
Arushi Mehra in Fauve,18800.0,https://ridhimehra.com/cdn/shop/products/RIDHI-MEHRA-Dark_green_chanderi_flared_short_kurta_with_tulip_pants.jpg?v=1696935069&width=1080,Arushi Mehra
Arushi Mehra in Effie,23100.0,https://ridhimehra.com/cdn/shop/products/1_76e2a27a-98d0-4155-8c10-82d9db5dba41.jpg?v=1746708501&width=1080,Arushi Mehra
Hanna S Khan IN ADELINA,95100.0,https://ridhimehra.com/cdn/shop/products/5_9e9e7062-93cc-4d0c-85fc-ab520f54541d.jpg?v=1740052437&width=1080,Hanna S
The Cister Co. In TORI,60200.0,https://ridhimehra.com/cdn/shop/products/2_0a34acd2-7301-49bf-a82c-dfef05d84476.jpg?v=1740052438&width=1080,The Cister
MANUSHI CHHILLAR IN ELM,89700.0,https://ridhimehra.com/cdn/shop/products/1_f2af3a55-5821-44bf-9812-38477fc4eb74.jpg?v=1740052442&width=1080,MANUSHI CHHILLAR
RIDHI MEHRA IN FLORIAN IN RED,66400.0,https://ridhimehra.com/cdn/shop/products/27_a1c58161-7ccc-40d4-8ff3-ac2b5596fdf1.jpg?v=1653299984&width=1080,RIDHI MEHRA
LEILANI,95200.0,https://ridhimehra.com/cdn/shop/products/2_1b90323b-645c-40e6-b352-d1bf901ad9ba.jpg?v=1649916207&width=1080,LEILANI  
SANJANA BATRA IN LEILANI,95200.0,https://ridhimehra.com/cdn/shop/products/2_d68b3683-ef77-42e3-aba9-69eaadd9ec9e.jpg?v=1649914386&width=1080,SANJANA BATRA
SANJANA BATRA IN JESSAMINE,99900.0,https://ridhimehra.com/cdn/shop/products/16_20b26cc7-efe0-42d5-8143-295e624efb38.jpg?v=1740052450&width=1080,SANJANA BATRA
SMRIDHI SIBAL in ERSHEEN,196400.0,https://ridhimehra.com/cdn/shop/products/xa.jpg?v=1645704561&width=1080,SMRIDHI SIBAL
SANJANA BATRA IN BRIJA,95200.0,https://ridhimehra.com/cdn/shop/products/19_86805fe0-8409-4475-84e1-ee996e73651a.jpg?v=1649914095&width=1080,SANJANA BATRA
Athiya Shetty In ZAHIDA,72700.0,https://ridhimehra.com/cdn/shop/products/Ridhi-Mehra1.jpg?v=1644230619&width=1080,Athiya Shetty
Soha Ali Khan In NOAH,,https://ridhimehra.com/cdn/shop/products/rm2c.png?v=1642227671&width=1080,Soha Ali
Sophie Choudry IN TORI,60200.0,https://ridhimehra.com/cdn/shop/products/1_229c9b1b-ccfe-4b93-9702-6f3fc07ae6dc.jpg?v=1740052462&width=1080,Sophie Choudry
natasha luthra IN FLANN,81300.0,https://ridhimehra.com/cdn/shop/products/1_a5136be4-b2a4-4363-8d3a-f47648a7ed30.jpg?v=1740052464&width=1080,natasha luthra
sukhneet wadhwa gujral IN FLEURINE,60000.0,https://ridhimehra.com/cdn/shop/products/1_6615a23b-28a5-4c37-b1d8-d43e617c0dd4.jpg?v=1638968198&width=1080,sukhneet wadhwa
mrunal thakur IN ALIA,83400.0,https://ridhimehra.com/cdn/shop/products/1_a7ffb54d-b71c-4d9a-b081-cfd774e7b0e9.jpg?v=1740052466&width=1080,mrunal thakur
chitrangada IN KAIRI,60200.0,https://ridhimehra.com/cdn/shop/products/2_6d51e2a8-fa2b-4895-9381-61d8e6947c95.jpg?v=1740052467&width=1080,chitrangada IN
MIRA KAPOOR IN FRIYA,55900.0,https://ridhimehra.com/cdn/shop/products/1_cd45efb6-7598-4ec5-8ec0-9289ebe79aa8.jpg?v=1636456903&width=1080,MIRA KAPOOR
ESHA GUPTA IN  KAIRI,60200.0,https://ridhimehra.com/cdn/shop/products/3_b5de1df4-2769-4f45-939f-0bdf2205c5ab.jpg?v=1740052470&width=1080,ESHA GUPTA
SOPHIE CHOUDHRY IN FLANN,81300.0,https://ridhimehra.com/cdn/shop/products/13_a6f397cc-455f-479b-b7dc-bef0398ea162.png?v=1740052471&width=1080,SOPHIE CHOUDHRY
SOPHIE CHOUDHRY IN POLLY,15700.0,https://ridhimehra.com/cdn/shop/products/17_ef896fd3-0ff7-4d4e-ab1c-0737822dbdda.png?v=1634825345&width=1080,SOPHIE CHOUDHRY
SOPHIE CHOUDHRY IN VERA,,https://ridhimehra.com/cdn/shop/products/2_b0a1c6f6-5286-4990-84d3-0e6bb9a1b61c.png?v=1634825204&width=1080,SOPHIE CHOUDHRY
SHANAYA KAPOOR SHERITA,83400.0,https://ridhimehra.com/cdn/shop/products/1_2c37fe5a-711b-4c0e-8ad1-777fceb213aa.png?v=1634825060&width=1080,SHANAYA KAPOOR
KAREENA KAPOOR  KHAN  IN MEHRY,156900.0,https://ridhimehra.com/cdn/shop/products/2_70c2eac7-4211-4a03-a4c2-d5d02efdfc79.png?v=1629813728&width=1080,KAREENA KAPOOR
Chitrangada Singh in RUMAISA,63500.0,https://ridhimehra.com/cdn/shop/products/Chitrangda_04.png?v=1740052491&width=1080,Chitrangada Singh
Alisha Pekha in Cajsa,83400.0,https://ridhimehra.com/cdn/shop/files/image00005.jpg?v=1755858509&width=1080,Alisha Pekha
Athiya Shetty in Razieh,83400.0,https://ridhimehra.com/cdn/shop/products/2_858b8f41-af5a-467c-9719-fcc5dce17ac8.png?v=1740052494&width=1080,Athiya Shetty
PRERNA MEHRA in Hazel,95200.0,https://ridhimehra.com/cdn/shop/products/23_4726e52c-5c6c-4c24-88b9-eb585816590e.png?v=1740053658&width=1080,PRERNA MEHRA
Prerna Mehra In Shahnaz,79200.0,https://ridhimehra.com/cdn/shop/products/RM-Pearl_Drop_Blouse_with_Chiffon_and_Organza_Ruffled_saree.png?v=1740052495&width=1080,Prerna Mehra
MADHURI DIXIT IN MARTHA,72700.0,https://ridhimehra.com/cdn/shop/products/Madhuri-Dixit.png?v=1611904442&width=1080,MADHURI DIXIT
Alaya in Ula,99300.0,https://ridhimehra.com/cdn/shop/products/4_4108798e-42a7-40fc-bbfc-cd89132183d1.png?v=1740052503&width=1080,Alaya in
Esha Gupta in Gulab,69600.0,https://ridhimehra.com/cdn/shop/products/1_6d3212bb-ead4-44b3-9060-7223d1cb2fbe.png?v=1740052508&width=1080,Esha Gupta
Bhumi Pednekar in JAHEEM,62200.0,https://ridhimehra.com/cdn/shop/products/39_Bhumi-Pednekar_01.png?v=1605686674&width=1080,Bhumi Pednekar
ALISHA PEKHA IN IRIS,69600.0,https://ridhimehra.com/cdn/shop/products/38_Ally06_5.png?v=1740052512&width=1080,ALISHA PEKHA
Diana Penty IN AFRA with Belt,95100.0,https://ridhimehra.com/cdn/shop/products/37_DianaPentyDiwali_3.png?v=1740052514&width=1080,Diana Penty
AlISHA PEKHA IN EMMA,79200.0,https://ridhimehra.com/cdn/shop/products/2_3.png?v=1740052515&width=1080,AlISHA PEKHA
TINA IN LINA,62200.0,https://ridhimehra.com/cdn/shop/products/11_02dd9bd5-e8cd-4dc6-9349-4898841c2d1b.png?v=1604654928&width=1080,TINA IN
SUMMIYYA IN CHLOE,78000.0,https://ridhimehra.com/cdn/shop/products/3_1_73a93590-3294-4e69-ac58-8fa120ac899f.png?v=1740052517&width=1080,SUMMIYYA IN
SUMMIYYA IN ULA,99300.0,https://ridhimehra.com/cdn/shop/products/3_723d1987-fe8d-47df-ad59-662071b330ea.png?v=1740052519&width=1080,SUMMIYYA IN
JUHI GODAMBE IN JAHEEM,62200.0,https://ridhimehra.com/cdn/shop/products/1_1.png?v=1604571127&width=1080,JUHI GODAMBE
SUMMIYYA IN MARTHA,72700.0,https://ridhimehra.com/cdn/shop/products/36_1.png?v=1604487398&width=1080,SUMMIYYA IN
Aditi Rao Hydari in Dilnaz,55900.0,https://ridhimehra.com/cdn/shop/products/rm_edcdd503-de2b-4208-b41c-2a2f4b68a647.png?v=1604144109&width=1080,Aditi Rao
Tina in Sofia,,https://ridhimehra.com/cdn/shop/files/Layer_23.jpg?v=1738240442&width=1080,Tina in
Mrunal Thakur in Ula,99300.0,https://ridhimehra.com/cdn/shop/products/RMM-2.png?v=1740052529&width=1080,Mrunal Thakur
Summiyya in Faeezah,69600.0,https://ridhimehra.com/cdn/shop/products/01_8e4ce8e1-7fd3-4ad4-ade0-ca3e521c7311.png?v=1592550027&width=1080,Summiyya in
Diana Penty in Morvarid,262800.0,https://ridhimehra.com/cdn/shop/products/06_0_fe33cd46-5feb-4d62-954a-5e2afee790ea.png?v=1585733744&width=1080,Diana Penty
Shilpa Shetty in Hayat,66400.0,https://ridhimehra.com/cdn/shop/products/03_f9fd8ff3-cb48-463b-84bc-4631eed84d8d.png?v=1740052544&width=1080,Shilpa Shetty
Mira Kapoor in  Garmex,66400.0,https://ridhimehra.com/cdn/shop/products/02.png?v=1585561429&width=1080,Mira Kapoor
Shilpa Shetty in Daisy,55900.0,https://ridhimehra.com/cdn/shop/products/06.png?v=1585561206&width=1080,Shilpa Shetty
Sobhita Dhulipala in  Asma,88600.0,https://ridhimehra.com/cdn/shop/products/32.png?v=1740052558&width=1080,Sobhita Dhulipala
Tamannaah Bhatia in Morvarid,199700.0,https://ridhimehra.com/cdn/shop/products/07_1_fc6c4e56-b123-42aa-821b-9c5fa95c4dd1.png?v=1582716418&width=1080,Tamannaah Bhatia
Aahana Kumra in Peplonia,104000.0,https://ridhimehra.com/cdn/shop/products/06_3_1acf5712-7b2b-4475-8aa6-d1e9e06bfc20.png?v=1740052559&width=1080,Aahana Kumra
Kriti Sanon in Garmex,66400.0,https://ridhimehra.com/cdn/shop/products/01_3_1.png?v=1582715679&width=1080,Kriti Sanon
Chitrangada Singh in Moon Flower,62200.0,https://ridhimehra.com/cdn/shop/products/02_1_c44250e7-25ca-4df8-beec-2652fa321ad2.png?v=1740052561&width=1080,Chitrangada Singh
Khushi Kapoor in Freesia,95200.0,https://ridhimehra.com/cdn/shop/products/31_1_ba451cba-e4d1-4f8d-9f16-2e28ae2163fc.png?v=1582881671&width=1080,Khushi Kapoor
Madhuri Dixit in Aida,210800.0,https://ridhimehra.com/cdn/shop/products/30_1_edcec6b5-6264-4d3e-a2d7-b5e54a9eb3b6.png?v=1582881606&width=1080,Madhuri Dixit
Huma Qureshi in Raine,209900.0,https://ridhimehra.com/cdn/shop/products/10_1_7eaa77d1-d4ec-4413-9cea-47588af763bd.png?v=1582716576&width=1080,Huma Qureshi
Ileana D'Cruz in Arezoo,200300.0,https://ridhimehra.com/cdn/shop/products/08_1_3fa987a6-880f-4b67-8727-3e1997d09f7b.png?v=1582716503&width=1080,Ileana D'Cruz
Ileana D'Cruz in Freesia,95200.0,https://ridhimehra.com/cdn/shop/products/09_1_128dc671-34b7-458b-beed-73f4ae6720e8.png?v=1582716559&width=1080,Ileana D'Cruz
Taapsee Pannu in Arezu,95200.0,https://ridhimehra.com/cdn/shop/products/18_1_bebc24f1-d08a-4855-83b3-458af706f772.png?v=1582875438&width=1080,Taapsee Pannu
Summiyya of House of Misu in Aster,55900.0,https://ridhimehra.com/cdn/shop/products/19_1_51dd62ee-01b6-4b83-bfe6-18b673c6c453.png?v=1582875536&width=1080,Summiyya of
Anushka Sharma in High Waist Pant with Belt,17800.0,https://ridhimehra.com/cdn/shop/products/20_1_b51a6e78-acd3-4ea1-b42e-b872048257df.png?v=1582875619&width=1080,Anushka Sharma
Dipa Khosla in Emerald Bejwelled Belt,20900.0,https://ridhimehra.com/cdn/shop/products/23_1.png?v=1582881136&width=1080,Dipa Khosla
Chitrangda in Agda,88600.0,https://ridhimehra.com/cdn/shop/products/15_1_d1a07ad3-529c-4109-83ad-7eec75d7317d.png?v=1582875184&width=1080,Chitrangda in
Raine,209900.0,https://ridhimehra.com/cdn/shop/products/Karisma_Cover_1_-1.jpg?v=1544097248&width=1080,Raine  
Aishwarya In Becoming Lehenga Set,354000.0,https://ridhimehra.com/cdn/shop/files/AMN05958.jpg?v=1765878591&width=1080,Aishwarya In
Shravi Jain In Beloved  Lehenga Set,397400.0,https://ridhimehra.com/cdn/shop/files/IMG_7144.jpg?v=1765878844&width=1080,Shravi Jain
Jully Patel In FRONT ROW SHARARA JACKET SET,158100.0,https://ridhimehra.com/cdn/shop/files/Jully-Ushnakhanphotography-105.jpg?v=1766576239&width=1080,Jully Patel
Rashi khanna in Ehsas Saree Set,168800.0,https://ridhimehra.com/cdn/shop/files/2_394d93f3-01f3-41f0-a2ae-d5b4b5cd8c23.jpg?v=1773144661&width=1080,Rashi khanna
