title,price,image
BLOOM,52800,https://ridhimehra.com/cdn/shop/files/RM_12554.jpg?v=1777891025&width=1000
IRENE,52800,https://ridhimehra.com/cdn/shop/files/RM_12612.jpg?v=1777891009&width=1000
Jazz Top Pants Set,42100,https://ridhimehra.com/cdn/shop/files/3_f9c86dc1-3d9b-4012-ab8f-947a1fe99f66.jpg?v=1744451042&width=1000
Chorus Top Pants Set,42100,https://ridhimehra.com/cdn/shop/files/3_4e7b6d66-1533-4c65-9b61-43d54740759b.jpg?v=1744451041&width=1000
Sonic Top Pants Set,41000,https://ridhimehra.com/cdn/shop/files/3_91af6971-320a-4595-98c0-f3906e341954.jpg?v=1726123489&width=1000
Glide Top Pants Set,31600,https://ridhimehra.com/cdn/shop/files/2_f0818894-57fe-464d-a3f1-65b73b5815b2.jpg?v=1726122964&width=1000
Riff Shirt Pants Set,37900,https://ridhimehra.com/cdn/shop/files/2_539f1b5a-0f05-4d9e-b61b-19817ecca1e8.jpg?v=1744451040&width=1000
Sway Shirt Pants Set,37900,https://ridhimehra.com/cdn/shop/files/2_24450b37-7037-48fb-b21a-4233200535df.jpg?v=1744451039&width=1000
Melody Frill Top Pants Set,37900,https://ridhimehra.com/cdn/shop/files/3_beee2654-407a-46be-ba48-829b370a03c9.jpg?v=1744451038&width=1000
Chime Shirt Pants Set,37900,https://ridhimehra.com/cdn/shop/files/2_73437d6d-2edf-47ac-ae08-f78c2f2a74ac.jpg?v=1744451036&width=1000
Bliss Shirt Pants Set,34700,https://ridhimehra.com/cdn/shop/files/2_ecb53376-239e-42a9-924c-8de7c582d221.jpg?v=1744451035&width=1000
Swing Shirt Pants Set,34700,https://ridhimehra.com/cdn/shop/files/2_e5d64c3f-cde4-4a44-ac45-e5249d73f48c.jpg?v=1744451034&width=1000
RHAPSODY SHARARA JACKET SET,136200,https://ridhimehra.com/cdn/shop/files/RM-Ivory_Georgette_Blouse_and_Flared_Pants_Paired_With_Organza_3d_Embroidered_Long_Jacket_2236cb12-6359-4afe-95e5-b423ac44fcd5.jpg?v=1755858363&width=1000
Green Silk Short Kurta With Tulip Pants,41000,https://ridhimehra.com/cdn/shop/files/2_65eefcf2-87da-40c7-b2f9-28267622e3ed.jpg?v=1746708158&width=1000
Blue Silk Short Kurta With Tulip Pants,41000,https://ridhimehra.com/cdn/shop/files/3_88e01da3-dc80-4be6-a6d7-f78426506f77.jpg?v=1746708159&width=1000
Ivory Silk Short Kurta With Tulip Pants,41000,https://ridhimehra.com/cdn/shop/files/2_1aee79d8-8f9a-42d8-afc8-fafb60cdb716.jpg?v=1755858394&width=1000
Yellow Silk Short Kurta With Tulip Pants,41000,https://ridhimehra.com/cdn/shop/files/2_512efdaf-9d4a-47f9-a884-fdee90c13165.jpg?v=1755858396&width=1000
Red Silk Short Kurta With Tulip Pants,41000,https://ridhimehra.com/cdn/shop/files/2_e6142835-7942-4456-ad94-afd1c0777dbf.jpg?v=1755858398&width=1000
Fuschia Silk Short Kurta With Tulip Pants,41000,https://ridhimehra.com/cdn/shop/files/RIDHI-MEHRA-04-05-2439747.jpg?v=1755858400&width=1000
Blue Oversized Shirt With Flared Pants,26200,https://ridhimehra.com/cdn/shop/files/3_682726f9-9f4a-4194-a740-0364874f7400.jpg?v=1746708483&width=1000
Red Chanderi Shirt With Flared Pants,26200,https://ridhimehra.com/cdn/shop/files/2_1f397ba5-8b41-44d5-aea2-b4498b663df1.jpg?v=1746708485&width=1000
Ikkat Printed Co-ord Set,25200,https://ridhimehra.com/cdn/shop/files/1_234493cc-a360-49a3-a9ce-e67bebb36733.jpg?v=1746708486&width=1000
Floral Printed Chanderi Kurta With Tulip Pants,20900,https://ridhimehra.com/cdn/shop/files/1_c0d4f591-05f8-478b-a04a-253c668012d8.jpg?v=1755858401&width=1000
Floral Printed Cape Set,25200,https://ridhimehra.com/cdn/shop/files/2_cf60756e-268a-491b-81f2-4d5b29b8facb.jpg?v=1715681860&width=1000
Floral Printed Jacket With Pants,25200,https://ridhimehra.com/cdn/shop/files/2_2e60dda3-2e6c-43b2-88e1-bbe022f93916.jpg?v=1746708487&width=1000
Floral Printed Flared Short Kurta Set,20900,https://ridhimehra.com/cdn/shop/files/3_c27abb1d-660c-4a05-a551-2b292dcbb153.jpg?v=1755858403&width=1000
Floral Printed Chanderi Kurta Set,20900,https://ridhimehra.com/cdn/shop/files/1_2495d382-78ee-4648-9df6-406201700615.jpg?v=1755858404&width=1000
Floral Printed Chanderi Kurta With Pants,20900,https://ridhimehra.com/cdn/shop/files/2_738d329c-1aa3-4694-976a-5d90a6b6aae2.jpg?v=1746708171&width=1000
Floral Printed Shirt with Flared Pants,26200,https://ridhimehra.com/cdn/shop/files/2_c49c3600-ecbd-474d-9fb9-56cd1c336249.jpg?v=1746708488&width=1000
Ikkat Printed Cape Set,25000,https://ridhimehra.com/cdn/shop/files/3_f8bc4a1f-d6ef-4e11-99bc-2998373431aa.jpg?v=1755858407&width=1000
Ikkat Printed Shirt Set,25200,https://ridhimehra.com/cdn/shop/files/2_703edbf5-68a7-4000-9dc6-f1a02afd9a60.jpg?v=1755858408&width=1000
Ikkat Printed Peplum Set,25000,https://ridhimehra.com/cdn/shop/files/1_962336d5-109b-4d3d-9588-b0dd2dcfab41.jpg?v=1755858410&width=1000
Ikkat Printed Chanderi Kurta Set,20900,https://ridhimehra.com/cdn/shop/files/2_fb0f0495-00cb-4b89-8ab7-f763e7608372.jpg?v=1755858412&width=1000
Ikkat Printed Flared Short Kurta Set,20900,https://ridhimehra.com/cdn/shop/files/2_9fed177b-524f-4156-8a4b-ce0cb06bbbe1.jpg?v=1755858413&width=1000
Kriti Kharbanda's Haldi Crop Top Pant Set,165800,https://ridhimehra.com/cdn/shop/files/WhatsAppImage2024-03-24at6.49.53PM_1.jpg?v=1712819287&width=1000
RIDHI MEHRA IN CHICANCHOR SHIRT PANT SET,30500,https://ridhimehra.com/cdn/shop/files/DSC03469.jpg?v=1755858454&width=1000
ICON PANTSUIT,99900,https://ridhimehra.com/cdn/shop/files/Ridhi-mehra-Red_Printed_Raw_Silk_Embroidered_Jacket_and_Printed_Flared_Pants_With_Embroidered_Printed_Belt.jpg?v=1755858558&width=1000
RHOSWEN,25000,https://ridhimehra.com/cdn/shop/files/RM21-041710-Copy.jpg?v=1746708493&width=1000
PEMA,25200,https://ridhimehra.com/cdn/shop/files/RIDHI-MEHRA-Red_boota_cape_and_bustier_paired_with_pants.jpg?v=1755858601&width=1000
OLEANA,25200,https://ridhimehra.com/cdn/shop/files/RIDHI-MEHRA-Green_Multicolored_cape_and_bustier_paired_with_pants.jpg?v=1755858602&width=1000
CLEMENSIA,25200,https://ridhimehra.com/cdn/shop/files/Ridhi-mehra-Ivory_boota_printed_chanderi_sleeveless_shirt_paired_with_flared_pants_and_tie_up_belt.jpg?v=1755858603&width=1000
CORYMBIA,26200,https://ridhimehra.com/cdn/shop/files/RM21-041061.jpg?v=1755858605&width=1000
PALESA,26200,https://ridhimehra.com/cdn/shop/files/RIDHI-MEHRA-Dusky_pink_anchor_detailed_shirt_and_flared_pants_paired_with_anchor_detailed_belt.jpg?v=1755858606&width=1000
FIORALBA,26200,https://ridhimehra.com/cdn/shop/files/RM21-041345.jpg?v=1746708498&width=1000
FIORALBA,26200,https://ridhimehra.com/cdn/shop/files/Ridhi-mehra-Red_boota_printed_anchor_detailed_shirt_and_flared_pants_paired_with_anchor_detailed_belt.jpg?v=1746708500&width=1000
GRANCE,25000,https://ridhimehra.com/cdn/shop/files/RM-Black-Multicolored_cape_and_bustier_paired_with_pants_and_tie_up_belt.jpg?v=1755858608&width=1000
MARGUERITE,25000,https://ridhimehra.com/cdn/shop/files/RIDHI-MEHRA-Green_Multicolored_cape_and_bustier_paired_with_pants_and_tie_up_belt.jpg?v=1755858609&width=1000
SIERRA,25000,https://ridhimehra.com/cdn/shop/files/RIDHI-MEHRA-Black_cape_and_bustier_paired_with_pants_and_tie_up_belt.jpg?v=1755858611&width=1000
REMY,25000,https://ridhimehra.com/cdn/shop/files/RM21-041889-Copy.jpg?v=1755858612&width=1000
Arushi Mehra in Effie,23100,https://ridhimehra.com/cdn/shop/products/2_87883735-586d-46bb-9c84-f8456acd8fb9.jpg?v=1746708501&width=1000
Jemma in fuchsia,22800,https://ridhimehra.com/cdn/shop/products/19_fe19f598-2b9d-4a80-8072-910cbb6718d2.jpg?v=1755858801&width=1000
Emery,25000,https://ridhimehra.com/cdn/shop/products/70_cb814c18-706c-4a52-9490-b0a870a8236a.jpg?v=1755858808&width=1000
Micah,25000,https://ridhimehra.com/cdn/shop/products/78.jpg?v=1755858809&width=1000
Freyja,23100,https://ridhimehra.com/cdn/shop/products/87_afd2b182-3e37-4031-9277-198b0968c645.jpg?v=1746708507&width=1000
Jayleen,25000,https://ridhimehra.com/cdn/shop/products/RM-Multicoloured-printed_Chanderi_Peplum_top_paired_with_flared_pants.jpg?v=1746708508&width=1000
Reyna,23100,https://ridhimehra.com/cdn/shop/products/RIDHI-MEHRA-Multicoloured_printed_chanderi.jpg?v=1746708509&width=1000
Effie,23100,https://ridhimehra.com/cdn/shop/products/95_50ea9ad9-b71b-4e3c-bc98-d2e9d1a3a2ed.jpg?v=1755858811&width=1000
Jemma In Royal Blue,25000,https://ridhimehra.com/cdn/shop/products/RM-Royal-blue_achor_detailed_shirt_and_flared_pants_paired_with_anchor_detailed_belt.jpg?v=1746708510&width=1000
NOAH,5000,https://ridhimehra.com/cdn/shop/products/8_37b4e701-f52c-4aab-a4bc-59ac2760f272.png?v=1622297385&width=1000
