title,price,data,image,category
GRACE,118800.0,,https://ridhimehra.com/cdn/shop/files/RM_14211.jpg?v=1777889682&width=1000,Lehenga
MIDNIGHT,124800.0,,https://ridhimehra.com/cdn/shop/files/RM_15116.jpg?v=1777889381&width=1000,Lehenga
AVELINE,98800.0,,https://ridhimehra.com/cdn/shop/files/RM_14290.jpg?v=1777889260&width=1000,Lehenga
ELARA,148800.0,,https://ridhimehra.com/cdn/shop/files/RM_14687.jpg?v=1777889119&width=1000,Lehenga
The Rising Lehenga Set,368800.0,Limited Edition,https://ridhimehra.com/cdn/shop/files/RM13-01-2626166.jpg?v=1770016998&width=1000,Lehenga
The Archive Lehenga Set,128800.0,Limited Edition,https://ridhimehra.com/cdn/shop/files/RM13-01-2626275.jpg?v=1770016923&width=1000,Lehenga
The Imprint Skirt Set,52800.0,Limited Edition,https://ridhimehra.com/cdn/shop/files/RM13-01-2626870.jpg?v=1770016383&width=1000,Lehenga
Serene Lehenga Set,341700.0,Bestseller,https://ridhimehra.com/cdn/shop/files/UntitledCapture0788copy.jpg?v=1759224060&width=1000,Lehenga
"Shahana 
Lehenga Set",317400.0,,https://ridhimehra.com/cdn/shop/files/UntitledCapture0996copy.jpg?v=1758955507&width=1000,Lehenga
Beloved  Lehenga Set-RTS,397400.0,Ready to Ship,https://ridhimehra.com/cdn/shop/files/RidhiMehra21238_2cc0d79f-3f68-4ec9-a36b-038e4b85ad58.jpg?v=1757595336&width=1000,Lehenga
Blush Lehenga Set-RTS,341700.0,Ready to Ship,https://ridhimehra.com/cdn/shop/files/RidhiMehra23458_4867b5c9-3a56-478b-8246-7efeb6708283.jpg?v=1757595340&width=1000,Lehenga
Devotion Lehenga Set-RTS,238800.0,Ready to Ship,https://ridhimehra.com/cdn/shop/files/RidhiMehraDay225362_6e637ed3-72b7-4e22-ba95-ba5d4a47a171.jpg?v=1757595341&width=1000,Lehenga
Mist Lehenga Set-RTS,104300.0,Ready to Ship,https://ridhimehra.com/cdn/shop/files/RidhiMehra22208_19070b86-ce2a-4f97-8912-237f5d336511.jpg?v=1757595343&width=1000,Lehenga
Twilight Lehenga Set-RTS,332400.0,Ready to Ship,https://ridhimehra.com/cdn/shop/files/RidhiMehra23138_40aa9e6e-a1be-4476-b86f-6f86983b896a.jpg?v=1757595346&width=1000,Lehenga
Ethereal Lehenga Set-RTS,157200.0,Ready to Ship,https://ridhimehra.com/cdn/shop/files/RidhiMehra22147_8bdbc878-7b8a-4e5f-8e72-f84fc0a3d669.jpg?v=1757595348&width=1000,Lehenga
Evoke Lehenga Set-RTS,151900.0,Ready to Ship,https://ridhimehra.com/cdn/shop/files/RidhiMehra22500_6e483462-a440-49d8-9879-85316ed71b37.jpg?v=1757595349&width=1000,Lehenga
Essence Lehenga Set-RTS,348000.0,Ready to Ship,https://ridhimehra.com/cdn/shop/files/RidhiMehraDay227014_76b730b1-748a-425c-af5f-394efb205137.jpg?v=1757595350&width=1000,Lehenga
Gleam Lehenga Set-RTS,294800.0,Ready to Ship,https://ridhimehra.com/cdn/shop/files/RidhiMehraDay224428_067ad5bf-bfce-464f-affd-ea434a5e7997.jpg?v=1757595353&width=1000,Lehenga
Adore Lehenga Set-RTS,341700.0,Ready to Ship,https://ridhimehra.com/cdn/shop/files/RidhiMehra21319_9e039454-02ef-4b4f-bc65-ed7571023036.jpg?v=1757595356&width=1000,Lehenga
Serene Lehenga Set-RTS,341700.0,Ready to Ship,https://ridhimehra.com/cdn/shop/files/RidhiMehraDay224438_c64be0a2-7097-46d0-949b-d41639ed3bee.jpg?v=1757595357&width=1000,Lehenga
Flare Lehenga Set-RTS,102500.0,Ready to Ship,https://ridhimehra.com/cdn/shop/files/RM26-02-250203_fed90d5e-7988-4b16-b689-aa388d3bdb00.jpg?v=1757595364&width=1000,Lehenga
Zaral Lehenga Set-RTS,121700.0,Ready to Ship,https://ridhimehra.com/cdn/shop/files/RM24-09-2463599_2e54c39c-f095-4996-aa9c-122f1dff0a0c.jpg?v=1757595404&width=1000,Lehenga
Karisma Kapoor In Ziba Lehenga Set-RTS,94000.0,Ready to Ship,https://ridhimehra.com/cdn/shop/files/Layer_7_2ddbf90e-0e14-41be-954d-f5b2f152841b.jpg?v=1757595405&width=1000,Lehenga
Zarish Lehenga Set-RTS,105300.0,Ready to Ship,https://ridhimehra.com/cdn/shop/files/RM24-09-2463341_e12424b5-beaf-4d15-98cb-adeb0c057428.jpg?v=1757595418&width=1000,Lehenga
Suhaila Lehanga Set-RTS,167900.0,Ready to Ship,https://ridhimehra.com/cdn/shop/files/RM24-09-2463395_87cdbbf5-6f1c-4abd-9652-882b47eee651.jpg?v=1757595420&width=1000,Lehenga
Ruhani Lehenga Set-RTS,124900.0,Ready to Ship,https://ridhimehra.com/cdn/shop/files/RM24-09-2463272_2f186f29-9be4-497e-8a52-595b76b18664.jpg?v=1757595421&width=1000,Lehenga
Arushi'S Mehra In Sunehri Lehenga Set-RTS,124900.0,Ready to Ship,https://ridhimehra.com/cdn/shop/files/Layer_2_be4aa016-5830-4029-b465-a3d2a76379b9.jpg?v=1757595423&width=1000,Lehenga
Arnika Lehenga Set-RTS,206900.0,Ready to Ship,https://ridhimehra.com/cdn/shop/files/RM24-09-2463746_75e8d526-d1e9-4ce6-963f-cb42551d9c72.jpg?v=1757595424&width=1000,Lehenga
Zarina Lehenga Set-RTS,210800.0,Ready to Ship,https://ridhimehra.com/cdn/shop/files/25-06-24_Ridhi_Mehra0118_c59acb15-a411-4c4c-8207-066fcd3e23ed.jpg?v=1757595461&width=1000,Lehenga
Gulbahar Lehenga Set-RTS,210800.0,Ready to Ship,https://ridhimehra.com/cdn/shop/files/25-06-24_Ridhi_Mehra9749_b57c0eb0-7d2c-40ab-800f-79a3966f93d5.jpg?v=1757595473&width=1000,Lehenga
Qaruna Lehenga Set-RTS,210800.0,Ready to Ship,https://ridhimehra.com/cdn/shop/files/25-06-24_Ridhi_Mehra9326_564edea6-d10d-4de2-9ffe-020a27e6d0a1.jpg?v=1757595474&width=1000,Lehenga
Moti Lehenga Set-RTS,258900.0,Ready to Ship,https://ridhimehra.com/cdn/shop/files/01-02-24_RM_.9432_2579fe0c-9e4e-484c-a905-3c5eb1d934ec.jpg?v=1757595510&width=1000,Lehenga
Swarn Lehenga Set-RTS,309200.0,Ready to Ship,https://ridhimehra.com/cdn/shop/files/01-02-24_RM_.9501_55505331-7f94-4ff8-ab2d-7bba1b2e627c.jpg?v=1757595513&width=1000,Lehenga
Jhumka Lehenga Set-RTS,317400.0,Ready to Ship,https://ridhimehra.com/cdn/shop/files/RM_1116_947c5b0e-b4ef-4b42-8fdd-7581555d6a09.jpg?v=1757595523&width=1000,Lehenga
Meetha Lehenga Set-RTS,284800.0,Ready to Ship,https://ridhimehra.com/cdn/shop/files/RM_731_85be89cb-f2e8-4d2a-840d-5e7608a03788.jpg?v=1757595526&width=1000,Lehenga
Moga Lehenga Set-RTS,237500.0,Ready to Ship,https://ridhimehra.com/cdn/shop/files/01-02-24_RM_.9380_de09a1d8-a30e-4d21-bc87-3ca6427d6e4d.jpg?v=1757595534&width=1000,Lehenga
Shanno Lehenga Set-RTS,341100.0,Ready to Ship,https://ridhimehra.com/cdn/shop/files/5_2_4ada26e3-396d-46a3-96a5-160dd5de10ad.jpg?v=1757595535&width=1000,Lehenga
Lahya-RTS,251600.0,Ready to Ship,https://ridhimehra.com/cdn/shop/files/Ridhimehra-Yellow_Organza_Multicoloured_Embroidered_Lehenga_14cfba66-a2d4-4caf-8899-fcc4b4f462c2.jpg?v=1757595602&width=1000,Lehenga
Promise Lehenga Set,284800.0,,https://ridhimehra.com/cdn/shop/files/RidhiMehraDay224638_d8a08886-d1f9-4c75-be21-eb2d8c648aad.jpg?v=1753258980&width=1000,Lehenga
Vow  Lehenga Set,341700.0,,https://ridhimehra.com/cdn/shop/files/RidhiMehra24176.jpg?v=1753258982&width=1000,Lehenga
Beloved  Lehenga Set,397400.0,Bestseller,https://ridhimehra.com/cdn/shop/files/RidhiMehra21238.jpg?v=1753258984&width=1000,Lehenga
Daydream  Lehenga Set,341700.0,,https://ridhimehra.com/cdn/shop/files/RidhiMehraDay227240.jpg?v=1753258985&width=1000,Lehenga
Blush Lehenga Set,341700.0,Bestseller,https://ridhimehra.com/cdn/shop/files/RidhiMehra23458.jpg?v=1753259013&width=1000,Lehenga
Glimpse Lehenga Set,317400.0,Bestseller,https://ridhimehra.com/cdn/shop/files/RidhiMehra23726.jpg?v=1753259014&width=1000,Lehenga
Devotion Lehenga Set,238800.0,Bestseller,https://ridhimehra.com/cdn/shop/files/RidhiMehraDay225362.jpg?v=1753259015&width=1000,Lehenga
Mist Lehenga Set,104300.0,Bestseller,https://ridhimehra.com/cdn/shop/files/RidhiMehra22208.jpg?v=1753259017&width=1000,Lehenga
Desire Lehenga Set,306600.0,,https://ridhimehra.com/cdn/shop/files/RidhiMehra23361.jpg?v=1753259018&width=1000,Lehenga
Cherish Lehenga Set,210100.0,Bestseller,https://ridhimehra.com/cdn/shop/files/RidhiMehra21183.jpg?v=1753259020&width=1000,Lehenga
Horizon Lehenga Set,317400.0,Bestseller,https://ridhimehra.com/cdn/shop/files/RidhiMehra22670.jpg?v=1753259021&width=1000,Lehenga
Twilight Lehenga Set,332400.0,Bestseller,https://ridhimehra.com/cdn/shop/files/RidhiMehra23138.jpg?v=1753259023&width=1000,Lehenga
Ethereal Lehenga Set,157200.0,Bestseller,https://ridhimehra.com/cdn/shop/files/RidhiMehra22147.jpg?v=1753259025&width=1000,Lehenga
Evoke Lehenga Set,151900.0,Bestseller,https://ridhimehra.com/cdn/shop/files/RidhiMehra22500.jpg?v=1753259026&width=1000,Lehenga
Essence Lehenga Set,348000.0,Bestseller,https://ridhimehra.com/cdn/shop/files/RidhiMehraDay227014.jpg?v=1753259028&width=1000,Lehenga
Charm Lehenga Set,269500.0,Bestseller,https://ridhimehra.com/cdn/shop/files/RidhiMehraDay225078.jpg?v=1753259030&width=1000,Lehenga
Lustre Lehenga Set,157200.0,Bestseller,https://ridhimehra.com/cdn/shop/files/RidhiMehra24072.jpg?v=1753259031&width=1000,Lehenga
Dawn Lehenga Set,105300.0,Bestseller,https://ridhimehra.com/cdn/shop/files/RidhiMehraDay225173.jpg?v=1753259033&width=1000,Lehenga
Gleam Lehenga Set,294800.0,Bestseller,https://ridhimehra.com/cdn/shop/files/RidhiMehraDay224428.jpg?v=1753259034&width=1000,Lehenga
Becoming Lehenga Set,354000.0,Bestseller,https://ridhimehra.com/cdn/shop/files/RidhiMehraDay226506.jpg?v=1753259036&width=1000,Lehenga
Adore Lehenga Set,341700.0,Bestseller,https://ridhimehra.com/cdn/shop/files/RidhiMehra21319.jpg?v=1753259037&width=1000,Lehenga
Serene Lehenga Set,341700.0,Bestseller,https://ridhimehra.com/cdn/shop/files/RidhiMehraDay224438.jpg?v=1753259039&width=1000,Lehenga
Wishful Lehenga Set,317400.0,,https://ridhimehra.com/cdn/shop/files/RidhiMehraDay225292.jpg?v=1753259041&width=1000,Lehenga
Floret lehenga set,102500.0,,https://ridhimehra.com/cdn/shop/files/RM26-02-2507611.jpg?v=1753093286&width=1000,Lehenga
Flare Lehenga Set,102500.0,,https://ridhimehra.com/cdn/shop/files/RM26-02-250203.jpg?v=1753093288&width=1000,Lehenga
Niharika Lehenga Set,95100.0,Limited Edition,https://ridhimehra.com/cdn/shop/files/RM24-09-2462651.jpg?v=1753093352&width=1000,Lehenga
Zaral Lehenga Set,121700.0,Limited Edition,https://ridhimehra.com/cdn/shop/files/RM24-09-2463599.jpg?v=1753093353&width=1000,Lehenga
Zaraana Lehenga Set,341100.0,Limited Edition,https://ridhimehra.com/cdn/shop/files/RM24-09-2462559.jpg?v=1753093360&width=1000,Lehenga
Swarnika Lehenga Set,341100.0,Limited Edition,https://ridhimehra.com/cdn/shop/files/RM24-09-24624281.jpg?v=1753093362&width=1000,Lehenga
Ziva Lehenga Set,396000.0,Limited Edition,https://ridhimehra.com/cdn/shop/files/RM24-09-2463171.jpg?v=1753093367&width=1000,Lehenga
Zarish Lehenga Set,105300.0,Limited Edition,https://ridhimehra.com/cdn/shop/files/RM24-09-2463341.jpg?v=1753093380&width=1000,Lehenga
Suhaila lehanga set,167900.0,Limited Edition,https://ridhimehra.com/cdn/shop/files/RM24-09-2463395.jpg?v=1753093381&width=1000,Lehenga
Ruhani Lehenga Set,124900.0,Limited Edition,https://ridhimehra.com/cdn/shop/files/RM24-09-2463272.jpg?v=1753093383&width=1000,Lehenga
Arnika Lehenga Set,206900.0,Limited Edition,https://ridhimehra.com/cdn/shop/files/RM24-09-2463746.jpg?v=1753093385&width=1000,Lehenga
Zarina Lehenga set,210800.0,,https://ridhimehra.com/cdn/shop/files/25-06-24_Ridhi_Mehra0118.jpg?v=1753093397&width=1000,Lehenga
Inaara Lehenga set,337100.0,,https://ridhimehra.com/cdn/shop/files/25-06-24_Ridhi_Mehra0037.jpg?v=1753093398&width=1000,Lehenga
Sukhan Lehenga set,337600.0,,https://ridhimehra.com/cdn/shop/files/25-06-24_Ridhi_Mehra0169.jpg?v=1753093400&width=1000,Lehenga
Gulbahar Lehenga set,210800.0,,https://ridhimehra.com/cdn/shop/files/25-06-24_Ridhi_Mehra9749.jpg?v=1753093407&width=1000,Lehenga
Tabeer Lehenga set,210800.0,,https://ridhimehra.com/cdn/shop/files/25-06-24_Ridhi_Mehra9271.jpg?v=1755858344&width=1000,Lehenga
Qaruna Lehenga set,210800.0,,https://ridhimehra.com/cdn/shop/files/25-06-24_Ridhi_Mehra9326.jpg?v=1755858346&width=1000,Lehenga
Lahya,251600.0,,https://ridhimehra.com/cdn/shop/files/IMG_3259_2a62752a-9815-4a10-92ea-85bc2e01466b.jpg?v=1719821230&width=1000,Lehenga
MOTI LEHENGA SET,258900.0,,https://ridhimehra.com/cdn/shop/files/01-02-24_RM_.9432.jpg?v=1755858429&width=1000,Lehenga
SWARN LEHENGA SET,309200.0,,https://ridhimehra.com/cdn/shop/files/01-02-24_RM_.9507.jpg?v=1766646679&width=1000,Lehenga
CHANDNI LEHENGA SET,312400.0,,https://ridhimehra.com/cdn/shop/files/01-02-24_RM_.9652.jpg?v=1755858436&width=1000,Lehenga
JHUMKA LEHENGA SET,317400.0,,https://ridhimehra.com/cdn/shop/files/RM_1116.jpg?v=1755858442&width=1000,Lehenga
GALLAAN LEHENGA SET,365100.0,,https://ridhimehra.com/cdn/shop/files/01-02-24_RM_.9796.jpg?v=1755858444&width=1000,Lehenga
DOLI LEHENGA SET,270500.0,,https://ridhimehra.com/cdn/shop/files/01-02-24_RM_.9630.jpg?v=1755858446&width=1000,Lehenga
SAANJH LEHENGA SET,228500.0,,https://ridhimehra.com/cdn/shop/files/RM_1024.jpg?v=1709188123&width=1000,Lehenga
MOGA LEHENGA SET,237500.0,,https://ridhimehra.com/cdn/shop/files/01-02-24_RM_.9380.jpg?v=1720761250&width=1000,Lehenga
RANI LEHENGA SET,317400.0,,https://ridhimehra.com/cdn/shop/files/01-02-24_RM_.9241.jpg?v=1709028042&width=1000,Lehenga
DEMI LEHENGA SET,95200.0,,https://ridhimehra.com/cdn/shop/files/RM21-11-232484.jpg?v=1750742609&width=1000,Lehenga
DEMI LEHENGA SET,95200.0,,https://ridhimehra.com/cdn/shop/files/RM21-11-232936.jpg?v=1750742610&width=1000,Lehenga
STARLET LEHENGA SET,262800.0,,https://ridhimehra.com/cdn/shop/files/RM21-11-233047.jpg?v=1750742611&width=1000,Lehenga
GRACE LEHENGA SET,199100.0,,https://ridhimehra.com/cdn/shop/files/RM21-11-233277.jpg?v=1755858502&width=1000,Lehenga
DREAM LEHENGA SET,353700.0,,https://ridhimehra.com/cdn/shop/files/RM21-11-233115.jpg?v=1750742618&width=1000,Lehenga
ACE LEHENGA SET,284300.0,,https://ridhimehra.com/cdn/shop/files/RM21-11-232859.jpg?v=1750742632&width=1000,Lehenga
ENCHANTED LEHENGA SET,367700.0,,https://ridhimehra.com/cdn/shop/files/RM21-11-233201.jpg?v=1755858506&width=1000,Lehenga
BELORA,209900.0,,https://ridhimehra.com/cdn/shop/files/12_0d4f8acb-7efa-4bef-8182-ca82d9ccb16a.png?v=1755858544&width=1000,Lehenga
DEMI LEHENGA SET,95200.0,,https://ridhimehra.com/cdn/shop/files/RM-Red_Net_Embroidered_Applique_Embroidered-Lehenga.jpg?v=1755858563&width=1000,Lehenga
STARLET LEHENGA SET,262800.0,,https://ridhimehra.com/cdn/shop/files/Ridhi-Mehra-Red_Printed_Raw_Silk_Lehenga.jpg?v=1755858565&width=1000,Lehenga
TRENDSETTER LEHENGA SET,210100.0,,https://ridhimehra.com/cdn/shop/files/Ridhi-mehra-Ivory-Net_Embroidered_Lehenga.jpg?v=1755858577&width=1000,Lehenga
GRACE LEHENGA SET,199100.0,,https://ridhimehra.com/cdn/shop/files/RM-Ivory_Net_Embroidered-Lehenga.jpg?v=1696496115&width=1000,Lehenga
ELEGANCE LEHENGA SET,211600.0,,https://ridhimehra.com/cdn/shop/files/Ridhi-Mehra-Ivory_Net-Embroidered-Lehenga.jpg?v=1696499790&width=1000,Lehenga
DONNA SHIRT LEHENGA SET,283000.0,,https://ridhimehra.com/cdn/shop/files/Ridhi-Mehra-Ivory-Net-Embroidered-Lehenga.jpg?v=1696500001&width=1000,Lehenga
DREAM LEHENGA SET,353700.0,,https://ridhimehra.com/cdn/shop/files/Ridhi-mehra-Ivory_Organza_Heavy_Embroidered_Lehenga.jpg?v=1755858581&width=1000,Lehenga
ACE LEHENGA SET,284300.0,,https://ridhimehra.com/cdn/shop/files/RM-Black_Raw_Silk_Printed_Heavy_Embroidered_Lehenga.jpg?v=1755858595&width=1000,Lehenga
RAZZLE LEHENGA SET,95200.0,,https://ridhimehra.com/cdn/shop/files/RM-Black_Raw_Silk_Sleeveless-Lehenga.jpg?v=1696510588&width=1000,Lehenga
Ettra,210100.0,,https://ridhimehra.com/cdn/shop/files/RIDHIMEHRA-LEHENGA.jpg?v=1755858688&width=1000,Lehenga
Mir In Champagne,316300.0,,https://ridhimehra.com/cdn/shop/files/RIDHIMEHRA-CHAMPAGNE_GOLD_FULLY_EMBROIDERED_NET-LEHENGA.jpg?v=1695793239&width=1000,Lehenga
Rayyah,264300.0,,https://ridhimehra.com/cdn/shop/files/RIDHIMEHRA-FUCHSIA_EMBROIDERED_LEHENGA.jpg?v=1695800844&width=1000,Lehenga
Pero In Fuchsia,304000.0,,https://ridhimehra.com/cdn/shop/files/RIDHIMEHRA_FUCHSIA_NET_EMBROIDERED_LEHENGA.jpg?v=1755858702&width=1000,Lehenga
Zarra In Dusky Pink,187900.0,,https://ridhimehra.com/cdn/shop/files/RIDHIMEHRA-DUSKY_PINK_ORGANZA_LEHENGA.jpg?v=1695814242&width=1000,Lehenga
Heer In Dusky Pink,290500.0,,https://ridhimehra.com/cdn/shop/files/RIDHIMEHRA-DUSKY_PINK_EMBROIDERED_LEHENGA.jpg?v=1750064262&width=1000,Lehenga
Naznin,209900.0,,https://ridhimehra.com/cdn/shop/files/ss.jpg?v=1755858707&width=1000,Lehenga
Aniaz,224200.0,Sold Out,,Lehenga
Lail,84500.0,,https://ridhimehra.com/cdn/shop/products/Ridhi_mehra-Light_Pink_Printed_Raw_Silk_Embroidered-Saree.jpg?v=1696572188&width=1000,Lehenga
Qaifa,119100.0,,https://ridhimehra.com/cdn/shop/products/RIDHI-MEHRA-Red_Net_Monotone_Embroidered_Organza_Draped_Blouse_Paired_With_Chiffon_Ruching_Skirt.jpg?v=1696576754&width=1000,Lehenga
Lahya,251600.0,,https://ridhimehra.com/cdn/shop/products/Ridhimehra-Yellow_Organza_Multicoloured_Embroidered_Lehenga.jpg?v=1696574455&width=1000,Lehenga
Naahiyah,90700.0,,https://ridhimehra.com/cdn/shop/products/Ridhi-Mehra-Dusky_Pink_Net-Embroidered-Saree.jpg?v=1696571827&width=1000,Lehenga
Gopalika Virmani in Pero,304000.0,Ships in 5days,https://ridhimehra.com/cdn/shop/products/RIDHI-MEHRA_IVORY_NET_EMBROIDERED_LEHENGA.jpg?v=1695727890&width=1000,Lehenga
Zuhr,200300.0,,https://ridhimehra.com/cdn/shop/products/RIDHIMEHRA-SILK_EMBROIDERED_LEHENGA.jpg?v=1755858733&width=1000,Lehenga
Zeeana,251600.0,,https://ridhimehra.com/cdn/shop/products/RIDHIMEHRA-ORGANZA-LEHENGA.jpg?v=1755858734&width=1000,Lehenga
Aftaab,188800.0,,https://ridhimehra.com/cdn/shop/products/RIDHIMEHRA-YELLOW-LEHENGA.jpg?v=1755858738&width=1000,Lehenga
Raha,269500.0,,https://ridhimehra.com/cdn/shop/products/RIDHIMEHRA-YELLOW_GEORGETTE_RUFFLED_BODYSUIT.jpg?v=1695724045&width=1000,Lehenga
Pero,304000.0,,https://ridhimehra.com/cdn/shop/products/RIDHIMEHRA-NET_EMBROIDERED_LEHENGA.jpg?v=1695721164&width=1000,Lehenga
Mir,316300.0,,https://ridhimehra.com/cdn/shop/products/Ridhi-Mehra-Ivory_Net_Embroidered_Lehenga_Blouse_And_Dupatta.jpg?v=1755858741&width=1000,Lehenga
Zarra,187900.0,,https://ridhimehra.com/cdn/shop/products/RIDHIMEHRA-EMBROIDERED_LEHENGA.jpg?v=1755858747&width=1000,Lehenga
Heer,290500.0,,https://ridhimehra.com/cdn/shop/products/RM_Champagne_Embroidered_Net_Cape_Sleeveless_Organza_Blouse_And_Net_Lehenga.jpg?v=1755858749&width=1000,Lehenga
Roos,87400.0,,,Lehenga
Ianthe,84300.0,,https://ridhimehra.com/cdn/shop/products/Ridhi-Mehra-Navy-printed-raw_silk_blouse_with_plain_printed_raw_silk_lehenga.jpg?v=1755858771&width=1000,Lehenga
Charmaine,99900.0,,https://ridhimehra.com/cdn/shop/products/Ridhi-Mehra-Red-beige_printed_raw_silk_embroidered_blouse_with_plain_printed_lehenga.jpg?v=1755858776&width=1000,Lehenga
Reanna,251600.0,,https://ridhimehra.com/cdn/shop/products/Ridhi-Mehra-Cherry_red_net_embroidered-Lehenga.jpg?v=1696588695&width=1000,Lehenga
Quinn,187900.0,,https://ridhimehra.com/cdn/shop/products/Ridhi-Mehra-Navy-embroidered_raw_silk_Lehenga.jpg?v=1755858378&width=1000,Lehenga
Shannon,237500.0,,https://ridhimehra.com/cdn/shop/products/Ridhi-Mehra-Beige_pink_net_embellished_blouse_and_heavy_embroidered_net_lehenga.jpg?v=1696835527&width=1000,Lehenga
LAUREL,178200.0,,https://ridhimehra.com/cdn/shop/products/8_3f5e943d-b1a1-48ac-a8ef-d8902e2c6bed.jpg?v=1653300164&width=1000,Lehenga
ZAHRA,252400.0,,https://ridhimehra.com/cdn/shop/products/21.jpg?v=1647761376&width=1000,Lehenga
LAUREL,178200.0,,https://ridhimehra.com/cdn/shop/products/Ridhi-Mehra-Embroidered_organza_lehenga.jpg?v=1696662819&width=1000,Lehenga
FLORYN,209900.0,Bestseller,https://ridhimehra.com/cdn/shop/products/10_1a61e0ef-77f0-4dba-8bd7-d1468dd4a3b2.jpg?v=1647854760&width=1000,Lehenga
CARNATION,252400.0,,https://ridhimehra.com/cdn/shop/products/4_c09a109d-6204-4313-bd69-30f0fc22dd85.jpg?v=1647864508&width=1000,Lehenga
Gulbagh,209900.0,,https://ridhimehra.com/cdn/shop/products/57.jpg?v=1641635670&width=1000,Lehenga
Nahiza,252400.0,,https://ridhimehra.com/cdn/shop/products/38.jpg?v=1755858857&width=1000,Lehenga
Noorien,209900.0,Bestseller,https://ridhimehra.com/cdn/shop/products/60.jpg?v=1641634887&width=1000,Lehenga
Ersheen,196400.0,Bestseller,https://ridhimehra.com/cdn/shop/products/RM_Embroidered_net_blouse_with_embroidered_raw_silk_lehenga_and_net_ruffled_dupatta.jpg?v=1755858906&width=1000,Lehenga
Norieen,284300.0,,https://ridhimehra.com/cdn/shop/products/43.jpg?v=1636874517&width=1000,Lehenga
Miraan,252400.0,Bestseller,https://ridhimehra.com/cdn/shop/products/29.jpg?v=1755858910&width=1000,Lehenga
SUZZONE,87400.0,,https://ridhimehra.com/cdn/shop/products/11_14aa557a-8a41-4897-bbf4-bab028c77c1b.png?v=1625142929&width=1000,Lehenga
GAMILA,199100.0,,https://ridhimehra.com/cdn/shop/products/21_892cb49e-90fd-43b2-b8a5-98a91bb26d5f.png?v=1625037293&width=1000,Lehenga
SHERITA,83400.0,,https://ridhimehra.com/cdn/shop/products/2_bbc663d1-6d2b-4479-983c-674a0c571c68.png?v=1625142280&width=1000,Lehenga
BIANA,95200.0,,https://ridhimehra.com/cdn/shop/products/5_866ace00-d85c-43ac-8ea4-11e0106667cf.png?v=1755858920&width=1000,Lehenga
NASRIN BELT,20900.0,,https://ridhimehra.com/cdn/shop/products/11_01.png?v=1640867827&width=1000,Lehenga
ZAIDA with Belt,95200.0,,https://ridhimehra.com/cdn/shop/products/5_3_01606765-fd3d-4551-ad89-4079a6041f08.png?v=1612161350&width=1000,Lehenga
DIBA,262800.0,,https://ridhimehra.com/cdn/shop/products/16_81cc3ce0-c736-4c78-a757-d14d26018aee.png?v=1611484567&width=1000,Lehenga
ARSHIYA,242200.0,,https://ridhimehra.com/cdn/shop/products/15_1_5ffa31e0-6581-433d-be85-e8133ab478f3.png?v=1611483950&width=1000,Lehenga
ZOHA,90700.0,,https://ridhimehra.com/cdn/shop/products/8_1_78bfabd9-f1e5-4609-9a7c-b6ade3545606.png?v=1611483826&width=1000,Lehenga
HENNAH,259100.0,,https://ridhimehra.com/cdn/shop/products/2_3_aa7c3da3-d4ce-495e-bad0-12aa15e819bf.png?v=1611812004&width=1000,Lehenga
ANAHITA WITH BELT,95900.0,,https://ridhimehra.com/cdn/shop/products/13_1_0a8f09dd-1274-44a7-95ce-1cac1d3b1754.png?v=1611483318&width=1000,Lehenga
ZENDAYA,283400.0,,https://ridhimehra.com/cdn/shop/products/RM-Ivory_heavily_embroidered_lehenga.png?v=1696662369&width=1000,Lehenga
NASRIN with Belt,104300.0,,https://ridhimehra.com/cdn/shop/products/6_50670675-3590-4ba4-940c-2083a67fd1c3.png?v=1605964219&width=1000,Lehenga
TAVI,146800.0,Bestseller,https://ridhimehra.com/cdn/shop/products/19_714fd3bb-6e98-4f66-81b5-29a74037590a.png?v=1605948538&width=1000,Lehenga
Aaila,79200.0,,https://ridhimehra.com/cdn/shop/products/RIDHIMEHRA8736.jpg?v=1596627184&width=1000,Lehenga
Aaila,79200.0,,https://ridhimehra.com/cdn/shop/products/RIDHIMEHRA8936.jpg?v=1596626311&width=1000,Lehenga
Basra Pearl Lehenga,249600.0,,https://ridhimehra.com/cdn/shop/products/untitledsession35836_std.jpg?v=1590843249&width=1000,Lehenga
Aliyah,147200.0,,https://ridhimehra.com/cdn/shop/products/02_4.png?v=1582878203&width=1000,Lehenga
Aaila,79200.0,,https://ridhimehra.com/cdn/shop/products/14_2_c939dab3-8dda-4241-88ed-d5fd68ded3f5.png?v=1580994391&width=1000,Lehenga
Zareen,79200.0,,https://ridhimehra.com/cdn/shop/products/26_3.png?v=1580818179&width=1000,Lehenga
Mahtab,239000.0,,https://ridhimehra.com/cdn/shop/products/05_2.png?v=1755858960&width=1000,Lehenga
MORVARID,199700.0,,https://ridhimehra.com/cdn/shop/products/31_2.png?v=1580819372&width=1000,Lehenga
Avaleigh,239000.0,,https://ridhimehra.com/cdn/shop/products/11_1_9e07d6a0-aaa1-4a33-a3d4-f913a22c8b85.png?v=1580901418&width=1000,Lehenga
Zareen,79200.0,,https://ridhimehra.com/cdn/shop/products/22_2_c1aee217-f9a2-4b65-b5a2-62c409425a9c.png?v=1580906258&width=1000,Lehenga
Morvarid,262800.0,,https://ridhimehra.com/cdn/shop/products/06_1_461eeb06-f331-4336-a610-007fd0c2d2ef.png?v=1580899950&width=1000,Lehenga
Inez,227400.0,,https://ridhimehra.com/cdn/shop/products/12_2_830a438f-e6af-44f2-ae51-bec7a0f9e942.png?v=1580909217&width=1000,Lehenga
Holly,135400.0,,https://ridhimehra.com/cdn/shop/products/09_2_48b555b7-eeee-4eb3-a3c5-79f2e76c05a1.png?v=1581060676&width=1000,Lehenga
Arezoo,200300.0,,https://ridhimehra.com/cdn/shop/products/R-M_LOOKBOOK_30-1-182611_copy.jpg?v=1544099002&width=1000,Lehenga
Firdaus,209900.0,,https://ridhimehra.com/cdn/shop/products/RIDHI_MEHRA_14.08.182162.jpg?v=1535628428&width=1000,Lehenga
Whisper Sharara set,311400.0,Bestseller,https://ridhimehra.com/cdn/shop/files/RidhiMehraDay226377.jpg?v=1753259007&width=1080,Saree
Mannat Kurti Sharara Set,68800.0,Bestseller,https://ridhimehra.com/cdn/shop/files/UntitledCapture0498copy.jpg?v=1758869847&width=1080,Saree
Affinity Sharara set,142400.0,Bestseller,https://ridhimehra.com/cdn/shop/files/RidhiMehra22620.jpg?v=1753259005&width=1080,Saree
Fray Garara Set,63500.0,,https://ridhimehra.com/cdn/shop/files/RM26-02-250470.jpg?v=1753093283&width=1080,Saree
Furl Sharara Set,95200.0,,https://ridhimehra.com/cdn/shop/files/RM26-02-251146.jpg?v=1753093284&width=1080,Saree
Isha Sutaria in Eshrat,157200.0,,https://ridhimehra.com/cdn/shop/files/471536908_1373747043591895_694181394521396489_n_1.jpg?v=1740053564&width=1080,Saree
Rhapsody Peplum Garara Set,58000.0,,https://ridhimehra.com/cdn/shop/files/1_a271e84f-07cc-43a0-976c-a503290ae4ac.jpg?v=1740053573&width=1080,Saree
Mahroo Peplum set,104300.0,Bestseller,https://ridhimehra.com/cdn/shop/files/25-06-24_Ridhi_Mehra9766.jpg?v=1753093426&width=1080,Saree
Meadow,55900.0,,https://ridhimehra.com/cdn/shop/files/DSF0027_d6daf94c-2c28-433c-8157-4d19f20bcd2c.jpg?v=1740053594&width=1080,Saree
SASHAY SHARARA SET,124900.0,,https://ridhimehra.com/cdn/shop/files/RM21-11-232642.jpg?v=1750742601&width=1080,Saree
AWESPRING PEPLUM SHARARA SET,58000.0,,https://ridhimehra.com/cdn/shop/files/RM21-11-233576.jpg?v=1755858499&width=1080,Saree
SASHAY SHARARA SET,124900.0,,https://ridhimehra.com/cdn/shop/files/RM21-11-233613.jpg?v=1750742629&width=1080,Saree
NUPUR SANON IN POMP,62200.0,,https://ridhimehra.com/cdn/shop/files/IMG_3397.jpg?v=1740053600&width=1080,Saree
AWESPRING PEPLUM SHARARA SET,58000.0,,https://ridhimehra.com/cdn/shop/files/RM21-11-233545_2f844179-9d3b-4763-8914-437bb943f389.jpg?v=1756900907&width=1080,Saree
GENELIA IN EWAZ,83400.0,,https://ridhimehra.com/cdn/shop/files/IMG_7874.jpg?v=1740053602&width=1080,Saree
EDGY SHARARA JACKET SET,124900.0,,https://ridhimehra.com/cdn/shop/files/Ridhi-Mehra-Ivory_Pearl_Embroidered_Blouse_Paired_With_Organza_Sharara_and_Embroidered_Organza_Sleeveless_Jacket_f491dfa8-f72b-4311-a016-c69b54335da2.jpg?v=1755858518&width=1080,Saree
SASHAY CAPE SHARARA SET,124900.0,,https://ridhimehra.com/cdn/shop/files/RM-Black_Heavily_Embroidered_f40b7633-e29a-452b-88f8-a093817c56c6.jpg?v=1755858534&width=1080,Saree
FEMME SHARARA SET,89700.0,,https://ridhimehra.com/cdn/shop/files/Ridhi-Mehra-Dusky_Pink_Net_Embroidered_Blouse_With_Organza_Sharara.jpg?v=1740053607&width=1080,Saree
FRONT ROW SHARARA JACKET SET,158100.0,Ready to Ship,https://ridhimehra.com/cdn/shop/files/RM-Black_Solid_Organza_Top_and_Sharara_Paired_With_Black_Net_Gold_Embroidered_Jacket_and_Drape.jpg?v=1766576239&width=1080,Saree
FEARLESS SHARARA JACKET SET,119100.0,,https://ridhimehra.com/cdn/shop/files/RidhiMehra-Embroidered_Waistcoat_and_Organza_Sharara.jpg?v=1755858590&width=1080,Saree
DAME PEPLUM SHARARA SET,105300.0,,https://ridhimehra.com/cdn/shop/files/RM-Black_Printed_Raw_Silk_Embroidered_Peplum_With_Black_Solid_Organza_Flared_Sharara_6c1e48b2-384f-48a3-82a6-31269c8dbc17.jpg?v=1755858593&width=1080,Saree
Ewaz,83400.0,,https://ridhimehra.com/cdn/shop/products/RM--Navy_Net_Embroidered_Printed_Chiffon_Draped_Blouse_And_Printed_Chiffon_Flared_Sharara.jpg?v=1740053612&width=1080,Saree
Saadirah,83400.0,,https://ridhimehra.com/cdn/shop/products/RIDHI-MEHRA---Red_Printed_Raw_Silk_Embroidered_Sharara.jpg?v=1740053613&width=1080,Saree
Laiqa,55900.0,,https://ridhimehra.com/cdn/shop/products/Ridhi-Mehra-Light_Pink_Printed_Chiffon_Embroidered_Garara.jpg?v=1740053615&width=1080,Saree
Eshrat,157200.0,,https://ridhimehra.com/cdn/shop/products/RM--Red_Net_Monotone_Embroidered_Peplum_Garara.jpg?v=1740053616&width=1080,Saree
Aafeh,111700.0,,https://ridhimehra.com/cdn/shop/products/RM--Yellow_Net_Embroidered_Peplum_Sharara.jpg?v=1740053618&width=1080,Saree
Elnaz,104300.0,,https://ridhimehra.com/cdn/shop/products/RM-Dark_Champagne_Net_Full_Embroidered_Peplum_Sharara.jpg?v=1740053619&width=1080,Saree
Cajsa In Ivory,83400.0,,https://ridhimehra.com/cdn/shop/products/RIDHI-MEHRA-Ivory_thread_embroidered_net_blouse_with_embroiderd_ggt_cape_paired_with_organza_sharara.jpg?v=1696935290&width=1080,Saree
LILANE,105300.0,,https://ridhimehra.com/cdn/shop/products/RM-Embroidered_net_peplum_top_with_organza_garara.jpg?v=1740053621&width=1080,Saree
TANSY,55900.0,,https://ridhimehra.com/cdn/shop/products/59_77e00dd8-6440-4e47-9a2c-ae05ca01af30.jpg?v=1740053622&width=1080,Saree
WINIKA,55900.0,,https://ridhimehra.com/cdn/shop/products/66.jpg?v=1740053624&width=1080,Saree
CALLA,157200.0,Bestseller,https://ridhimehra.com/cdn/shop/products/RM-Embroidered_net_Peplum_with_embroidered_net_garara.jpg?v=1740053625&width=1080,Saree
Aarna,55900.0,,https://ridhimehra.com/cdn/shop/products/RM-Chanderi_jacquard_peplum_with_embroidered_neckline.jpg?v=1755858380&width=1080,Saree
Brija,95200.0,Bestseller,https://ridhimehra.com/cdn/shop/products/RM-Embroidered_net_cape_peplum_and_organza_gharara.jpg?v=1755858854&width=1080,Saree
Shahnoor,105300.0,Bestseller,https://ridhimehra.com/cdn/shop/products/39_b17fcb35-1366-4209-bcf0-b5cbd5e19eaa.jpg?v=1755858898&width=1080,Saree
Rukm,95200.0,,https://ridhimehra.com/cdn/shop/products/52.jpg?v=1755858901&width=1080,Saree
Keran,93800.0,Bestseller,https://ridhimehra.com/cdn/shop/products/RM-Organza_tiered_gharara_with_an_embroidered.jpg?v=1740053636&width=1080,Saree
Hazel,95200.0,Sold Out,https://ridhimehra.com/cdn/shop/products/1_896b8bb9-7854-40a6-a50d-976e19537a68.png?v=1740053654&width=1080,Saree
MAELYN with Belt,92800.0,Bestseller,https://ridhimehra.com/cdn/shop/products/13_fe968b93-d666-4f65-ab10-0998014a3fa3.png?v=1625142818&width=1080,Saree
FLORIANA,55900.0,,https://ridhimehra.com/cdn/shop/products/5_2a1ccc7c-8ceb-489f-8296-e5f450f34916.png?v=1740053655&width=1080,Saree
NINEVE,55900.0,,https://ridhimehra.com/cdn/shop/products/34_f0b3f381-e114-45da-b92a-db7410b84c96.png?v=1740053656&width=1080,Saree
PRERNA MEHRA in Hazel,95200.0,,https://ridhimehra.com/cdn/shop/products/23_4726e52c-5c6c-4c24-88b9-eb585816590e.png?v=1740053658&width=1080,Saree
SHIRIN Set,119100.0,,https://ridhimehra.com/cdn/shop/products/10_5f708310-f24f-43a1-97a5-4bd74eccc605.png?v=1740053660&width=1080,Saree
MALEEHA,104300.0,,https://ridhimehra.com/cdn/shop/products/19_1_3c8725a7-57f7-4ca6-b582-dd122b5619f4.png?v=1740053661&width=1080,Saree
IDEH,55900.0,,https://ridhimehra.com/cdn/shop/products/RM-Fuschia_folk_printed_chiffon_embroidered_peplum_paired_with_a_printed_sharara.png?v=1740053663&width=1080,Saree
Shezan,59000.0,,https://ridhimehra.com/cdn/shop/products/34.png?v=1740053664&width=1080,Saree
FRIYA,55900.0,,https://ridhimehra.com/cdn/shop/products/41_13817c58-3dbd-467e-bc9e-5a42e1a1a9a1.png?v=1740053665&width=1080,Saree
Prim,84300.0,,https://ridhimehra.com/cdn/shop/products/RIDHIMEHRA9185.jpg?v=1740053666&width=1080,Saree
Gul,95200.0,,https://ridhimehra.com/cdn/shop/products/96.png?v=1740053667&width=1080,Saree
Elaheh,66500.0,,https://ridhimehra.com/cdn/shop/products/14_1.png?v=1740053672&width=1080,Saree
Javed,105600.0,,https://ridhimehra.com/cdn/shop/products/13_1.png?v=1740053673&width=1080,Saree
Andya,55900.0,,https://ridhimehra.com/cdn/shop/products/15_1.png?v=1740053675&width=1080,Saree
Aytan,55900.0,,https://ridhimehra.com/cdn/shop/products/22_1.png?v=1740053677&width=1080,Saree
Farvardin,95200.0,,https://ridhimehra.com/cdn/shop/products/06_1.png?v=1740053679&width=1080,Saree
Dabira,72700.0,,https://ridhimehra.com/cdn/shop/products/Screenshot_2019-08-28_at_1.43.51_PM.png?v=1740053682&width=1080,Saree
Dilnaz,55900.0,,https://ridhimehra.com/cdn/shop/products/RM-Deep_Fuschia_Printed_Peplum_Top_with_Garara.png?v=1740053683&width=1080,Saree
Afreen,95200.0,,https://ridhimehra.com/cdn/shop/products/04_1_3716abc5-3985-46da-bb54-d6f3d09a9f0c.png?v=1740053685&width=1080,Saree
Aida,105300.0,,https://ridhimehra.com/cdn/shop/products/04_1_88e2f1bc-8029-41c3-b671-907482301f64.png?v=1740053687&width=1080,Saree
Petunia,83400.0,,https://ridhimehra.com/cdn/shop/products/10_1_ff7334b3-e4bc-4ad9-b999-aaa7864a7bf9.png?v=1740053688&width=1080,Saree
Freesia,95200.0,,https://ridhimehra.com/cdn/shop/products/01_1_748f303e-cc3e-47cc-86ab-897b15dc6341.png?v=1755858963&width=1080,Saree
Zinnia,55900.0,,https://ridhimehra.com/cdn/shop/products/55944907_1500269613441726_14606526643699712_o_1500269606775060.jpg?v=1740053690&width=1080,Saree
Embellished Peplum with Organza Sharara Trousers,104300.0,,https://ridhimehra.com/cdn/shop/products/01_1_02ae1de4-81e0-41ec-8d36-9d98a3b0462c.png?v=1755858966&width=1080,Saree
Mannat Kurti Sharara Set-RTS,68800.0,Ready to Ship,https://ridhimehra.com/cdn/shop/files/UntitledCapture0498copy_2216c17a-b5f5-42b1-9fae-fa83e94e830c.jpg?v=1764673413&width=1080,Saree
CAMELLIA,58800.0,,https://ridhimehra.com/cdn/shop/files/RM_13868.jpg?v=1777888946&width=1080,Anarkali
Leher Anarkali Set,89900.0,Bestseller,https://ridhimehra.com/cdn/shop/files/UntitledCapture0428copy.jpg?v=1758869088&width=1080,Anarkali
Fasana Anarkali Set,83400.0,Bestseller,https://ridhimehra.com/cdn/shop/files/UntitledCapture0640copy.jpg?v=1758868919&width=1080,Anarkali
Dilbar Anarkali Set,83400.0,,https://ridhimehra.com/cdn/shop/files/7_d46d94f3-bea6-4501-a5e3-82be2171fea2.jpg?v=1767181242&width=1080,Anarkali
Ranjhna Anarkali Set,89700.0,Bestseller,https://ridhimehra.com/cdn/shop/files/UntitledCapture0699copy.jpg?v=1758868750&width=1080,Anarkali
Weft Anarkali Set-RTS,89700.0,,https://ridhimehra.com/cdn/shop/files/RM26-02-251101_235eb151-f97a-41ae-b896-633fc3e8a630.jpg?v=1757595361&width=1080,Anarkali
Pareesa Anarkali Set-RTS,252600.0,,https://ridhimehra.com/cdn/shop/files/25-06-24_Ridhi_Mehra9895_7c2ddf67-2e93-4406-9798-863416a492b4.jpg?v=1757595458&width=1080,Anarkali
Ibtida Anarkali Set-RTS,252600.0,,https://ridhimehra.com/cdn/shop/files/25-06-24_Ridhi_Mehra9456_7a3a3a85-f205-4963-a61e-cb63a633748c.jpg?v=1757595486&width=1080,Anarkali
Fanon Anarkali Set-RTS,84300.0,,https://ridhimehra.com/cdn/shop/files/25-06-24_Ridhi_Mehra9574_5054b112-3aeb-4bbe-a603-bbacafa3e9aa.jpg?v=1757595491&width=1080,Anarkali
Tehseen Anarkali Set-RTS,157200.0,,https://ridhimehra.com/cdn/shop/files/25-06-24_Ridhi_Mehra9592_48a347d5-9c76-4bda-9ac4-87544bce7229.jpg?v=1757595494&width=1080,Anarkali
Weft Anarkali Set,89700.0,Bestseller,https://ridhimehra.com/cdn/shop/files/RM26-02-251101.jpg?v=1753093277&width=1080,Anarkali
Ornate Anarkali Set,89700.0,,https://ridhimehra.com/cdn/shop/files/RM26-02-250620.jpg?v=1753093289&width=1080,Anarkali
Indira Anarkali Set,72700.0,,https://ridhimehra.com/cdn/shop/files/RM24-09-2463119.jpg?v=1753093349&width=1080,Anarkali
Esha gupta in Saaja,83400.0,,https://ridhimehra.com/cdn/shop/files/069A2175.jpg?v=1730873206&width=1080,Anarkali
Hanna Khan in Fanon Anarkali set,84300.0,,https://ridhimehra.com/cdn/shop/files/WhatsAppImage2024-10-28at10.22.22AM_1.jpg?v=1730871724&width=1080,Anarkali
Zarqaa Anarkali set,81300.0,,https://ridhimehra.com/cdn/shop/files/25-06-24RidhiMehra9373.jpg?v=1755858310&width=1080,Anarkali
Hymn Anarkali Set,68500.0,,https://ridhimehra.com/cdn/shop/files/1_f06af49d-8484-40b8-afda-b328107e4b9b.jpg?v=1726126449&width=1080,Anarkali
Sonakshi Sinha in Ibtida Anarkali set,252600.0,,https://ridhimehra.com/cdn/shop/files/Sonakshi-_-Zaheer-7th-Sept-240221-insta.jpg?v=1726061028&width=1080,Anarkali
Aditi Rao in Lien,79200.0,,https://ridhimehra.com/cdn/shop/files/ADITI1Acopy.jpg?v=1723013974&width=1080,Anarkali
MRUNAL THAKUR IN SWAY ANARKALI SET,84300.0,,https://ridhimehra.com/cdn/shop/files/Mrunal_Thakur_51d0b0b4-7451-4e95-985d-c34ae7fea025.jpg?v=1755858336&width=1080,Anarkali
Anjum Short Anarkali Set,77100.0,,https://ridhimehra.com/cdn/shop/files/25-06-24_Ridhi_Mehra0564.jpg?v=1753093390&width=1080,Anarkali
Pareesa Anarkali set,252600.0,,https://ridhimehra.com/cdn/shop/files/25-06-24_Ridhi_Mehra9895.jpg?v=1755858342&width=1080,Anarkali
Banafsha Anarkali set,79200.0,Bestseller,https://ridhimehra.com/cdn/shop/files/25-06-24_Ridhi_Mehra9695.jpg?v=1756900904&width=1080,Anarkali
Yaqoob Anarkali set,77100.0,,https://ridhimehra.com/cdn/shop/files/front_e7df157f-bd3e-4a13-99a3-d381dc1f9a45.jpg?v=1753093401&width=1080,Anarkali
Fankaar Anarkali set,83400.0,,https://ridhimehra.com/cdn/shop/files/front_746e85b0-af4e-4002-99a9-fdae89946c40.jpg?v=1753093405&width=1080,Anarkali
Qasida Short Anarkali Set,84300.0,,https://ridhimehra.com/cdn/shop/files/front_bc5c420b-e822-425b-9118-df58942523d2.jpg?v=1753093427&width=1080,Anarkali
Ibtida Anarkali set,252600.0,,https://ridhimehra.com/cdn/shop/files/25-06-24_Ridhi_Mehra9456.jpg?v=1753093428&width=1080,Anarkali
Zarqaa Anarkali set,81300.0,,https://ridhimehra.com/cdn/shop/files/25-06-24_Ridhi_Mehra9505.jpg?v=1755858353&width=1080,Anarkali
Nafasat Anarkali set,81300.0,,https://ridhimehra.com/cdn/shop/files/25-06-24_Ridhi_Mehra9815.jpg?v=1755858355&width=1080,Anarkali
Fanon Anarkali set,84300.0,,https://ridhimehra.com/cdn/shop/files/25-06-24_Ridhi_Mehra9574.jpg?v=1755858357&width=1080,Anarkali
Aalam Anarkali set,84300.0,,https://ridhimehra.com/cdn/shop/files/front_2.jpg?v=1755858358&width=1080,Anarkali
Tehseen Anarkali Set,157200.0,Bestseller,https://ridhimehra.com/cdn/shop/files/25-06-24_Ridhi_Mehra9592.jpg?v=1753093436&width=1080,Anarkali
Naqsh Anarkali Set,79200.0,,https://ridhimehra.com/cdn/shop/files/Front.jpg?v=1753093437&width=1080,Anarkali
FLAIR ANARKALI SET,83400.0,,https://ridhimehra.com/cdn/shop/files/RM21-11-232764.jpg?v=1750742620&width=1080,Anarkali
FLAIR ANARKALI SET,83400.0,,https://ridhimehra.com/cdn/shop/files/RM21-11-233664_9c3a5f24-236d-420c-a6bc-971250e214ba.jpg?v=1750742622&width=1080,Anarkali
SWAY ANARKALI SET,84300.0,,https://ridhimehra.com/cdn/shop/files/RM21-11-232519.jpg?v=1750742627&width=1080,Anarkali
FLAIR ANARKALI SET,83400.0,,https://ridhimehra.com/cdn/shop/files/Ridhi-mehra-Ivory_Printed_Chiffon_Long_Anarkali_Paired_With_Net_Embroidered_Dupatta.jpg?v=1755858553&width=1080,Anarkali
DAZZLE ANARKALI JACKET SET,89700.0,,https://ridhimehra.com/cdn/shop/files/RM-D2-61191_198d293a-61d0-4f49-8193-5706aad76864.jpg?v=1755858561&width=1080,Anarkali
SWAY ANARKALI SET,84300.0,,https://ridhimehra.com/cdn/shop/files/Ridhi-Mehra-Dusky_Pink_Fine_Silk_Embroidered_Long_Anarkali.jpg?v=1755858587&width=1080,Anarkali
Hasrat,157200.0,,https://ridhimehra.com/cdn/shop/products/RM-279_4250ac3f-7ab3-49ca-8300-0e4aa504ee7b.jpg?v=1755858677&width=1080,Anarkali
Hasrat In Navy,157200.0,,https://ridhimehra.com/cdn/shop/files/RIDHIMEHRA-NAVY_GEORGETTE_EMBROIDERED_LONG_ANARKALI.jpg?v=1695808142&width=1080,Anarkali
Saaja,83400.0,,https://ridhimehra.com/cdn/shop/products/RM--Navy_Printed_Chiffon_Full_Length_Anarkali.jpg?v=1696579353&width=1080,Anarkali
Mabrooka,83400.0,,https://ridhimehra.com/cdn/shop/products/RIDHI-MEHRA---Red_Printed_Chiffon_Embroidered_Full_Length_Anarkali.jpg?v=1696577872&width=1080,Anarkali
Faanee,83400.0,,https://ridhimehra.com/cdn/shop/products/RM--Yellow_Chiffon_Multi_Colored_Embroidered_Anarkali.jpg?v=1696575682&width=1080,Anarkali
Jaajim,83400.0,,https://ridhimehra.com/cdn/shop/products/RM--Dusky_Pink_Fine_Silk_Long_Anarkali.jpg?v=1696572852&width=1080,Anarkali
Maahrukh,83400.0,,https://ridhimehra.com/cdn/shop/products/RM-Dark_Champagne_Fine_Silk_Embroidered_Full_Length_Anarkali.jpg?v=1696570471&width=1080,Anarkali
Dafiya,95200.0,,https://ridhimehra.com/cdn/shop/products/RM-Ivory_Fine_Silk_Full_Length_Anarkali.jpg?v=1696573403&width=1080,Anarkali
Terra,72700.0,,https://ridhimehra.com/cdn/shop/products/Ridhi-Mehra-21105.jpg?v=1755858774&width=1080,Anarkali
Wynne,83400.0,,https://ridhimehra.com/cdn/shop/products/Ridhi-Mehra-Deep_fucshia_thread_embroidered_long_anarkali.jpg?v=1696592607&width=1080,Anarkali
Mira Rajput Kapoor in Posie,79200.0,,https://ridhimehra.com/cdn/shop/products/1_35ecd44b-9db8-44a5-ad20-ae564ddbda94.jpg?v=1660717434&width=1080,Anarkali
ALIA BHATT IN FLORIAN,66400.0,,https://ridhimehra.com/cdn/shop/products/1_4fa09103-43a4-4200-9707-20591d723cfb.jpg?v=1755858795&width=1080,Anarkali
ARUM,72700.0,,https://ridhimehra.com/cdn/shop/products/RM-Embroidered_silk_short_Anarkali_and_embroidered_garara.jpg?v=1696936770&width=1080,Anarkali
AMBROSIA IN BLUE,66400.0,,https://ridhimehra.com/cdn/shop/products/62.jpg?v=1650544408&width=1080,Anarkali
AMBROSIA IN RED,66400.0,,https://ridhimehra.com/cdn/shop/products/RM-Embroidered-printed-silk_short_Anarkali_and_garara_paired_with-net_dupatta.jpg?v=1697027755&width=1080,Anarkali
FLORA,83400.0,,https://ridhimehra.com/cdn/shop/products/85.jpg?v=1650543969&width=1080,Anarkali
LILLIAN,72700.0,,https://ridhimehra.com/cdn/shop/products/92.jpg?v=1650543904&width=1080,Anarkali
ELIZA,72700.0,,https://ridhimehra.com/cdn/shop/products/70.jpg?v=1650543897&width=1080,Anarkali
AMBROSIA IN LILAC,66400.0,,https://ridhimehra.com/cdn/shop/products/14_c3ff6230-03de-4c16-a5e4-837ca35d3284.jpg?v=1648474720&width=1080,Anarkali
FLORIAN IN RED,66400.0,,https://ridhimehra.com/cdn/shop/products/RM-Embroidered-printed-silk_short_Anarkali_and_garara_paired_with_net_dupatta.jpg?v=1697025990&width=1080,Anarkali
COHO,209900.0,,https://ridhimehra.com/cdn/shop/products/RM-Embroidered_organza_Anarkali.jpg?v=1696661741&width=1080,Anarkali
POSIE,79200.0,Bestseller,https://ridhimehra.com/cdn/shop/products/RM-Embroidered-silk-ruched_Anarkali_paired_with_net_dupatta..jpg?v=1696676800&width=1080,Anarkali
Athiya Shetty In ZAHIDA,72700.0,,https://ridhimehra.com/cdn/shop/products/Ridhi-Mehra1.jpg?v=1644230619&width=1080,Anarkali
Aayah,79200.0,,https://ridhimehra.com/cdn/shop/products/52_1bac6f70-45d2-4d63-94d1-d116e13aa515.jpg?v=1641636425&width=1080,Anarkali
Afsa,79200.0,,https://ridhimehra.com/cdn/shop/products/11_aaf7c596-fe59-47e8-b3cd-9518dcfa0291.jpg?v=1641635301&width=1080,Anarkali
Dildar,52800.0,,https://ridhimehra.com/cdn/shop/products/11_1_17dad438-52dc-4a15-83fa-d706e22debe4.png?v=1637995850&width=1080,Anarkali
Freshta,79200.0,Bestseller,https://ridhimehra.com/cdn/shop/products/RM-Embroidered_silk_ruched_anarkali_paired_with_net_dupatta..jpg?v=1755858896&width=1080,Anarkali
KAREENA KAPOOR  KHAN  IN MEHRY,156900.0,Bestseller,https://ridhimehra.com/cdn/shop/products/2_70c2eac7-4211-4a03-a4c2-d5d02efdfc79.png?v=1629813728&width=1080,Anarkali
ZARA,95200.0,,https://ridhimehra.com/cdn/shop/products/19_5f92d40f-6fe3-45b5-9484-b4189536eaef.png?v=1625036474&width=1080,Anarkali
MADHURI DIXIT IN MARTHA,72700.0,,https://ridhimehra.com/cdn/shop/products/Madhuri-Dixit.png?v=1611904442&width=1080,Anarkali
MEHRY,156900.0,Bestseller,https://ridhimehra.com/cdn/shop/products/25_acc2b869-5f55-4e05-8021-083ee5cbf287.png?v=1611488335&width=1080,Anarkali
ZAINA,79200.0,,https://ridhimehra.com/cdn/shop/products/Ridhi-Mehra-Ochre_yellow_chiffon_embroidered_anarkali.png?v=1696660733&width=1080,Anarkali
FINNA,209900.0,Bestseller,https://ridhimehra.com/cdn/shop/products/Ridhi_mehra-Ivory_net_embroidered_anarkali.png?v=1741243492&width=1080,Anarkali
ZAHIDA,72700.0,,https://ridhimehra.com/cdn/shop/products/6_2.png?v=1611484065&width=1080,Anarkali
ALIZA,84300.0,,https://ridhimehra.com/cdn/shop/products/RM-Ivory_jewelled_anarkali_paired_with_a_net_dupatta.png?v=1696829252&width=1080,Anarkali
MARTHA,72700.0,,https://ridhimehra.com/cdn/shop/products/6_3.png?v=1610447080&width=1080,Anarkali
MARTHA,72700.0,,https://ridhimehra.com/cdn/shop/products/11_938721cd-848c-45cb-ac6f-887effc99f65.png?v=1610446954&width=1080,Anarkali
Zereen,80200.0,,https://ridhimehra.com/cdn/shop/products/1_bb2cab3f-1997-4fb2-8ad7-0e468b8ec5a8.png?v=1608103456&width=1080,Anarkali
Tazmeen,68500.0,,https://ridhimehra.com/cdn/shop/products/35.png?v=1605873114&width=1080,Anarkali
TINA IN LINA,62200.0,,https://ridhimehra.com/cdn/shop/products/11_02dd9bd5-e8cd-4dc6-9349-4898841c2d1b.png?v=1604654928&width=1080,Anarkali
SUMMIYYA IN MARTHA,72700.0,,https://ridhimehra.com/cdn/shop/products/36_1.png?v=1604487398&width=1080,Anarkali
MARTHA BELT,15700.0,,https://ridhimehra.com/cdn/shop/products/37_7b2bb2b0-2ff1-4502-aa94-ad9773bf6823.png?v=1605861561&width=1080,Anarkali
MARTHA,72700.0,,https://ridhimehra.com/cdn/shop/products/37_79d7a5b8-9876-457e-bde7-8a333aff6036.png?v=1605861407&width=1080,Anarkali
Futun,72700.0,,https://ridhimehra.com/cdn/shop/products/63_0e0f1bd6-6daa-4455-bc25-3fc65c304e0d.png?v=1755858944&width=1080,Anarkali
Basra pearl anarkali,135400.0,,https://ridhimehra.com/cdn/shop/products/10_1_42b0d0bb-5360-4700-9c91-934ea46ac6e3.png?v=1608460680&width=1080,Anarkali
Azure,83400.0,,https://ridhimehra.com/cdn/shop/products/12_8db5d972-33da-478a-8d40-32d2b30a544c.png?v=1735893645&width=1080,Anarkali
Kira,239000.0,,https://ridhimehra.com/cdn/shop/products/RIDHIMEHRA9211.jpg?v=1596627525&width=1080,Anarkali
Mehtab,78300.0,,https://ridhimehra.com/cdn/shop/products/18_1.png?v=1580815985&width=1080,Anarkali
Afrin,104300.0,,https://ridhimehra.com/cdn/shop/products/02_1.png?v=1580807887&width=1080,Anarkali
Raine,209900.0,,https://ridhimehra.com/cdn/shop/products/27_1_592d34c5-5298-442e-b96f-751aa2c648d9.png?v=1584092298&width=1080,Anarkali
Fayruz,95200.0,,https://ridhimehra.com/cdn/shop/products/11_1_efe2af44-8278-4612-b266-7cce4939d891.png?v=1580909213&width=1080,Anarkali
Kira,239000.0,,https://ridhimehra.com/cdn/shop/products/01_1_0e70a133-dd16-451e-a538-10ce542722f6.png?v=1580909043&width=1080,Anarkali
Peony,83400.0,,https://ridhimehra.com/cdn/shop/products/02_1_a3882124-5d2c-49cc-8182-a78283902ae5.png?v=1581060261&width=1080,Anarkali
Qumar,93400.0,,https://ridhimehra.com/cdn/shop/products/R-M_LOOKBOOK_30-1-183074.jpg?v=1547470127&width=1080,Anarkali
Whisper Sharara set,311400.0,Bestseller,https://ridhimehra.com/cdn/shop/files/RidhiMehraDay226377.jpg?v=1753259007&width=1080,Sharara
Mannat Kurti Sharara Set,68800.0,Bestseller,https://ridhimehra.com/cdn/shop/files/UntitledCapture0498copy.jpg?v=1758869847&width=1080,Sharara
Affinity Sharara set,142400.0,Bestseller,https://ridhimehra.com/cdn/shop/files/RidhiMehra22620.jpg?v=1753259005&width=1080,Sharara
Fray Garara Set,63500.0,,https://ridhimehra.com/cdn/shop/files/RM26-02-250470.jpg?v=1753093283&width=1080,Sharara
Furl Sharara Set,95200.0,,https://ridhimehra.com/cdn/shop/files/RM26-02-251146.jpg?v=1753093284&width=1080,Sharara
Isha Sutaria in Eshrat,157200.0,,https://ridhimehra.com/cdn/shop/files/471536908_1373747043591895_694181394521396489_n_1.jpg?v=1740053564&width=1080,Sharara
Rhapsody Peplum Garara Set,58000.0,,https://ridhimehra.com/cdn/shop/files/1_a271e84f-07cc-43a0-976c-a503290ae4ac.jpg?v=1740053573&width=1080,Sharara
Mahroo Peplum set,104300.0,Bestseller,https://ridhimehra.com/cdn/shop/files/25-06-24_Ridhi_Mehra9766.jpg?v=1753093426&width=1080,Sharara
Meadow,55900.0,,https://ridhimehra.com/cdn/shop/files/DSF0027_d6daf94c-2c28-433c-8157-4d19f20bcd2c.jpg?v=1740053594&width=1080,Sharara
SASHAY SHARARA SET,124900.0,,https://ridhimehra.com/cdn/shop/files/RM21-11-232642.jpg?v=1750742601&width=1080,Sharara
AWESPRING PEPLUM SHARARA SET,58000.0,,https://ridhimehra.com/cdn/shop/files/RM21-11-233576.jpg?v=1755858499&width=1080,Sharara
SASHAY SHARARA SET,124900.0,,https://ridhimehra.com/cdn/shop/files/RM21-11-233613.jpg?v=1750742629&width=1080,Sharara
NUPUR SANON IN POMP,62200.0,,https://ridhimehra.com/cdn/shop/files/IMG_3397.jpg?v=1740053600&width=1080,Sharara
AWESPRING PEPLUM SHARARA SET,58000.0,,https://ridhimehra.com/cdn/shop/files/RM21-11-233545_2f844179-9d3b-4763-8914-437bb943f389.jpg?v=1756900907&width=1080,Sharara
GENELIA IN EWAZ,83400.0,,https://ridhimehra.com/cdn/shop/files/IMG_7874.jpg?v=1740053602&width=1080,Sharara
EDGY SHARARA JACKET SET,124900.0,,https://ridhimehra.com/cdn/shop/files/Ridhi-Mehra-Ivory_Pearl_Embroidered_Blouse_Paired_With_Organza_Sharara_and_Embroidered_Organza_Sleeveless_Jacket_f491dfa8-f72b-4311-a016-c69b54335da2.jpg?v=1755858518&width=1080,Sharara
SASHAY CAPE SHARARA SET,124900.0,,https://ridhimehra.com/cdn/shop/files/RM-Black_Heavily_Embroidered_f40b7633-e29a-452b-88f8-a093817c56c6.jpg?v=1755858534&width=1080,Sharara
FEMME SHARARA SET,89700.0,,https://ridhimehra.com/cdn/shop/files/Ridhi-Mehra-Dusky_Pink_Net_Embroidered_Blouse_With_Organza_Sharara.jpg?v=1740053607&width=1080,Sharara
FRONT ROW SHARARA JACKET SET,158100.0,Ready to Ship,https://ridhimehra.com/cdn/shop/files/RM-Black_Solid_Organza_Top_and_Sharara_Paired_With_Black_Net_Gold_Embroidered_Jacket_and_Drape.jpg?v=1766576239&width=1080,Sharara
FEARLESS SHARARA JACKET SET,119100.0,,https://ridhimehra.com/cdn/shop/files/RidhiMehra-Embroidered_Waistcoat_and_Organza_Sharara.jpg?v=1755858590&width=1080,Sharara
DAME PEPLUM SHARARA SET,105300.0,,https://ridhimehra.com/cdn/shop/files/RM-Black_Printed_Raw_Silk_Embroidered_Peplum_With_Black_Solid_Organza_Flared_Sharara_6c1e48b2-384f-48a3-82a6-31269c8dbc17.jpg?v=1755858593&width=1080,Sharara
Ewaz,83400.0,,https://ridhimehra.com/cdn/shop/products/RM--Navy_Net_Embroidered_Printed_Chiffon_Draped_Blouse_And_Printed_Chiffon_Flared_Sharara.jpg?v=1740053612&width=1080,Sharara
Saadirah,83400.0,,https://ridhimehra.com/cdn/shop/products/RIDHI-MEHRA---Red_Printed_Raw_Silk_Embroidered_Sharara.jpg?v=1740053613&width=1080,Sharara
Laiqa,55900.0,,https://ridhimehra.com/cdn/shop/products/Ridhi-Mehra-Light_Pink_Printed_Chiffon_Embroidered_Garara.jpg?v=1740053615&width=1080,Sharara
Eshrat,157200.0,,https://ridhimehra.com/cdn/shop/products/RM--Red_Net_Monotone_Embroidered_Peplum_Garara.jpg?v=1740053616&width=1080,Sharara
Aafeh,111700.0,,https://ridhimehra.com/cdn/shop/products/RM--Yellow_Net_Embroidered_Peplum_Sharara.jpg?v=1740053618&width=1080,Sharara
Elnaz,104300.0,,https://ridhimehra.com/cdn/shop/products/RM-Dark_Champagne_Net_Full_Embroidered_Peplum_Sharara.jpg?v=1740053619&width=1080,Sharara
Cajsa In Ivory,83400.0,,https://ridhimehra.com/cdn/shop/products/RIDHI-MEHRA-Ivory_thread_embroidered_net_blouse_with_embroiderd_ggt_cape_paired_with_organza_sharara.jpg?v=1696935290&width=1080,Sharara
LILANE,105300.0,,https://ridhimehra.com/cdn/shop/products/RM-Embroidered_net_peplum_top_with_organza_garara.jpg?v=1740053621&width=1080,Sharara
TANSY,55900.0,,https://ridhimehra.com/cdn/shop/products/59_77e00dd8-6440-4e47-9a2c-ae05ca01af30.jpg?v=1740053622&width=1080,Sharara
WINIKA,55900.0,,https://ridhimehra.com/cdn/shop/products/66.jpg?v=1740053624&width=1080,Sharara
CALLA,157200.0,Bestseller,https://ridhimehra.com/cdn/shop/products/RM-Embroidered_net_Peplum_with_embroidered_net_garara.jpg?v=1740053625&width=1080,Sharara
Aarna,55900.0,,https://ridhimehra.com/cdn/shop/products/RM-Chanderi_jacquard_peplum_with_embroidered_neckline.jpg?v=1755858380&width=1080,Sharara
Brija,95200.0,Bestseller,https://ridhimehra.com/cdn/shop/products/RM-Embroidered_net_cape_peplum_and_organza_gharara.jpg?v=1755858854&width=1080,Sharara
Shahnoor,105300.0,Bestseller,https://ridhimehra.com/cdn/shop/products/39_b17fcb35-1366-4209-bcf0-b5cbd5e19eaa.jpg?v=1755858898&width=1080,Sharara
Rukm,95200.0,,https://ridhimehra.com/cdn/shop/products/52.jpg?v=1755858901&width=1080,Sharara
Keran,93800.0,Bestseller,https://ridhimehra.com/cdn/shop/products/RM-Organza_tiered_gharara_with_an_embroidered.jpg?v=1740053636&width=1080,Sharara
Hazel,95200.0,Sold Out,https://ridhimehra.com/cdn/shop/products/1_896b8bb9-7854-40a6-a50d-976e19537a68.png?v=1740053654&width=1080,Sharara
MAELYN with Belt,92800.0,Bestseller,https://ridhimehra.com/cdn/shop/products/13_fe968b93-d666-4f65-ab10-0998014a3fa3.png?v=1625142818&width=1080,Sharara
FLORIANA,55900.0,,https://ridhimehra.com/cdn/shop/products/5_2a1ccc7c-8ceb-489f-8296-e5f450f34916.png?v=1740053655&width=1080,Sharara
NINEVE,55900.0,,https://ridhimehra.com/cdn/shop/products/34_f0b3f381-e114-45da-b92a-db7410b84c96.png?v=1740053656&width=1080,Sharara
PRERNA MEHRA in Hazel,95200.0,,https://ridhimehra.com/cdn/shop/products/23_4726e52c-5c6c-4c24-88b9-eb585816590e.png?v=1740053658&width=1080,Sharara
SHIRIN Set,119100.0,,https://ridhimehra.com/cdn/shop/products/10_5f708310-f24f-43a1-97a5-4bd74eccc605.png?v=1740053660&width=1080,Sharara
MALEEHA,104300.0,,https://ridhimehra.com/cdn/shop/products/19_1_3c8725a7-57f7-4ca6-b582-dd122b5619f4.png?v=1740053661&width=1080,Sharara
IDEH,55900.0,,https://ridhimehra.com/cdn/shop/products/RM-Fuschia_folk_printed_chiffon_embroidered_peplum_paired_with_a_printed_sharara.png?v=1740053663&width=1080,Sharara
Shezan,59000.0,,https://ridhimehra.com/cdn/shop/products/34.png?v=1740053664&width=1080,Sharara
FRIYA,55900.0,,https://ridhimehra.com/cdn/shop/products/41_13817c58-3dbd-467e-bc9e-5a42e1a1a9a1.png?v=1740053665&width=1080,Sharara
Prim,84300.0,,https://ridhimehra.com/cdn/shop/products/RIDHIMEHRA9185.jpg?v=1740053666&width=1080,Sharara
Gul,95200.0,,https://ridhimehra.com/cdn/shop/products/96.png?v=1740053667&width=1080,Sharara
Elaheh,66500.0,,https://ridhimehra.com/cdn/shop/products/14_1.png?v=1740053672&width=1080,Sharara
Javed,105600.0,,https://ridhimehra.com/cdn/shop/products/13_1.png?v=1740053673&width=1080,Sharara
Andya,55900.0,,https://ridhimehra.com/cdn/shop/products/15_1.png?v=1740053675&width=1080,Sharara
Aytan,55900.0,,https://ridhimehra.com/cdn/shop/products/22_1.png?v=1740053677&width=1080,Sharara
Farvardin,95200.0,,https://ridhimehra.com/cdn/shop/products/06_1.png?v=1740053679&width=1080,Sharara
Dabira,72700.0,,https://ridhimehra.com/cdn/shop/products/Screenshot_2019-08-28_at_1.43.51_PM.png?v=1740053682&width=1080,Sharara
Dilnaz,55900.0,,https://ridhimehra.com/cdn/shop/products/RM-Deep_Fuschia_Printed_Peplum_Top_with_Garara.png?v=1740053683&width=1080,Sharara
Afreen,95200.0,,https://ridhimehra.com/cdn/shop/products/04_1_3716abc5-3985-46da-bb54-d6f3d09a9f0c.png?v=1740053685&width=1080,Sharara
Aida,105300.0,,https://ridhimehra.com/cdn/shop/products/04_1_88e2f1bc-8029-41c3-b671-907482301f64.png?v=1740053687&width=1080,Sharara
Petunia,83400.0,,https://ridhimehra.com/cdn/shop/products/10_1_ff7334b3-e4bc-4ad9-b999-aaa7864a7bf9.png?v=1740053688&width=1080,Sharara
Freesia,95200.0,,https://ridhimehra.com/cdn/shop/products/01_1_748f303e-cc3e-47cc-86ab-897b15dc6341.png?v=1755858963&width=1080,Sharara
Zinnia,55900.0,,https://ridhimehra.com/cdn/shop/products/55944907_1500269613441726_14606526643699712_o_1500269606775060.jpg?v=1740053690&width=1080,Sharara
Embellished Peplum with Organza Sharara Trousers,104300.0,,https://ridhimehra.com/cdn/shop/products/01_1_02ae1de4-81e0-41ec-8d36-9d98a3b0462c.png?v=1755858966&width=1080,Sharara
Mannat Kurti Sharara Set-RTS,68800.0,Ready to Ship,https://ridhimehra.com/cdn/shop/files/UntitledCapture0498copy_2216c17a-b5f5-42b1-9fae-fa83e94e830c.jpg?v=1764673413&width=1080,Sharara
Dahlia,20900.0,,https://ridhimehra.com/cdn/shop/files/RM_13334.jpg?v=1777893876&width=1000,Kurta
Vivia,20900.0,,https://ridhimehra.com/cdn/shop/files/RM_15170.jpg?v=1777893732&width=1000,Kurta
Mossa,20900.0,,https://ridhimehra.com/cdn/shop/files/RM_13309.jpg?v=1777893567&width=1000,Kurta
Solene,20900.0,,https://ridhimehra.com/cdn/shop/files/RM_13236.jpg?v=1777893468&width=1000,Kurta
Sylvie,20900.0,,https://ridhimehra.com/cdn/shop/files/RM_13268.jpg?v=1777893034&width=1000,Kurta
Onyx,20900.0,,https://ridhimehra.com/cdn/shop/files/RM_12592.jpg?v=1777892771&width=1000,Kurta
Azure,20900.0,,https://ridhimehra.com/cdn/shop/files/RM_13205_8926b290-4c30-4367-acbf-736332ecf779.jpg?v=1777892468&width=1000,Kurta
Fleur,20900.0,,https://ridhimehra.com/cdn/shop/files/RM_13074.jpg?v=1777892518&width=1000,Kurta
CELINE,42800.0,,https://ridhimehra.com/cdn/shop/files/RM_13499.jpg?v=1777891756&width=1000,Kurta
LUNA,42800.0,,https://ridhimehra.com/cdn/shop/files/RM_13361.jpg?v=1777891704&width=1000,Kurta
ARDEN,42800.0,,https://ridhimehra.com/cdn/shop/files/RM_13386.jpg?v=1777891625&width=1000,Kurta
NYX,52800.0,,https://ridhimehra.com/cdn/shop/files/RM_12971.jpg?v=1777891483&width=1000,Kurta
GLEAM,49800.0,,https://ridhimehra.com/cdn/shop/files/RM_13637.jpg?v=1777891427&width=1000,Kurta
NORA,42800.0,,https://ridhimehra.com/cdn/shop/files/RM_13545_e4136a6c-7572-43dc-b861-5a4287f46a98.jpg?v=1777890859&width=1000,Kurta
BELLE,68800.0,,https://ridhimehra.com/cdn/shop/files/RM_13591.jpg?v=1777889849&width=1000,Kurta
MIRABELLE,78800.0,,https://ridhimehra.com/cdn/shop/files/RM_13846.jpg?v=1777888794&width=1000,Kurta
PRIMROSE,58800.0,,https://ridhimehra.com/cdn/shop/files/RM_14761.jpg?v=1777888702&width=1000,Kurta
CELESTE,78800.0,,https://ridhimehra.com/cdn/shop/files/RM_13778.jpg?v=1777888543&width=1000,Kurta
The Imperial Kurta Set,72700.0,Limited Edition,https://ridhimehra.com/cdn/shop/files/RM13-01-2626813.jpg?v=1770016245&width=1000,Kurta
The Crest Skirt Set,52800.0,Limited Edition,https://ridhimehra.com/cdn/shop/files/RM13-01-2627539.jpg?v=1770016058&width=1000,Kurta
The Gold bound Kurta Set,84800.0,Limited Edition,https://ridhimehra.com/cdn/shop/files/RM13-01-2627472.jpg?v=1770016024&width=1000,Kurta
The Resonance Kurta Set,126800.0,Limited Edition,https://ridhimehra.com/cdn/shop/files/RM13-01-2625929.jpg?v=1770015791&width=1000,Kurta
Arushi Mehra in Shaila Kurta Set,146800.0,Limited Edition,https://ridhimehra.com/cdn/shop/files/Tezza-3062_1x_1.jpg?v=1766145465&width=1000,Kurta
Aaina Jacket Skirt Set,95800.0,,https://ridhimehra.com/cdn/shop/files/UntitledCapture1552copy.jpg?v=1758874359&width=1000,Kurta
RaabtaKurta Salwar Set,73800.0,,https://ridhimehra.com/cdn/shop/files/UntitledCapture1271copy.jpg?v=1758871198&width=1000,Kurta
Zehn Kurta Salwar Set,83400.0,Bestseller,https://ridhimehra.com/cdn/shop/files/UntitledCapture0881copy.jpg?v=1758871163&width=1000,Kurta
Suroor Kurta Salwar Set,79200.0,,https://ridhimehra.com/cdn/shop/files/NewProject_25.jpg?v=1763620138&width=1000,Kurta
Khayaal Kurta Salwar Set,72700.0,,https://ridhimehra.com/cdn/shop/files/UntitledCapture0628copy.jpg?v=1758871050&width=1000,Kurta
Ishq KurtaSalwar Set,72700.0,,https://ridhimehra.com/cdn/shop/files/UntitledCapture0472copy.jpg?v=1758871001&width=1000,Kurta
Shiddat Kurta Salwar Set,70600.0,Bestseller,https://ridhimehra.com/cdn/shop/files/UntitledCapture1152copy.jpg?v=1758870835&width=1000,Kurta
Zarnoor Kurta Salwar Set,74100.0,Bestseller,https://ridhimehra.com/cdn/shop/files/UntitledCapture1072copy.jpg?v=1758870611&width=1000,Kurta
Surkh Kurta Salwar Set,68500.0,Bestseller,https://ridhimehra.com/cdn/shop/files/dc27.3.jpg?v=1760101326&width=1000,Kurta
Roohana Kurti Garara Set,66400.0,,https://ridhimehra.com/cdn/shop/files/UntitledCapture1748copy.jpg?v=1758869900&width=1000,Kurta
Mannat Kurti Sharara Set,68800.0,Bestseller,https://ridhimehra.com/cdn/shop/files/UntitledCapture0512copy.jpg?v=1758869847&width=1000,Kurta
Saaz Kurti Skirt Set,66400.0,,https://ridhimehra.com/cdn/shop/files/UntitledCapture1107copy.jpg?v=1758869749&width=1000,Kurta
Fiza Kurta Set-RTS,115000.0,Ready to Ship,https://ridhimehra.com/cdn/shop/files/2_753737b8-00bb-46dc-88cf-832d44ef5809.jpg?v=1757595387&width=1000,Kurta
Anaya Kurta Set-RTS,79200.0,Ready to Ship,https://ridhimehra.com/cdn/shop/files/RM24-09-2462963_bead869e-2bc2-4a82-95c5-b417826cb4fe.jpg?v=1757595402&width=1000,Kurta
Shaila Kurta Set-RTS,146800.0,Ready to Ship,https://ridhimehra.com/cdn/shop/files/RM24-09-2463460_62b45815-1bed-4319-9d48-c46db24e686b.jpg?v=1757595415&width=1000,Kurta
Kalina-RTS,20900.0,Ready to Ship,https://ridhimehra.com/cdn/shop/files/RIDHI-MEHRA-Black-Multicolored_Print_flared_short_kurta_with_tulip_pants_6618dad3-fba1-4072-be8f-d0a33a9c2e0b.jpg?v=1757595581&width=1000,Kurta
Tether Kurta Set,79200.0,,https://ridhimehra.com/cdn/shop/files/RM26-02-250343.jpg?v=1753093293&width=1000,Kurta
Wisp Kurta Set,74100.0,,https://ridhimehra.com/cdn/shop/files/RM26-02-250825.jpg?v=1753093294&width=1000,Kurta
Bind Kurta Set,98200.0,,https://ridhimehra.com/cdn/shop/files/RM26-02-250795.jpg?v=1753093295&width=1000,Kurta
Zunairah Kurta Set,131200.0,Limited Edition,https://ridhimehra.com/cdn/shop/files/2_b1a56262-5714-4191-81e7-0538a081d9fb.jpg?v=1753093316&width=1000,Kurta
Raaya kurta set,131200.0,Limited Edition,https://ridhimehra.com/cdn/shop/files/RM22-01-250352.jpg?v=1753093318&width=1000,Kurta
Aafiya Kurta Set,146800.0,Limited Edition,https://ridhimehra.com/cdn/shop/files/RM22-01-250336.jpg?v=1753093319&width=1000,Kurta
Mashal Kurta Set,99800.0,,https://ridhimehra.com/cdn/shop/files/2_33087626-5de9-45ff-bacf-705ed1b02d2e.jpg?v=1753093320&width=1000,Kurta
Qalam Kurta Set,76800.0,,https://ridhimehra.com/cdn/shop/files/2_54045f12-00a4-4dfe-8fa5-b9cc282ce24a.jpg?v=1753093322&width=1000,Kurta
Noor Kurta Set,76800.0,,https://ridhimehra.com/cdn/shop/files/RM22-01-250291.jpg?v=1753093323&width=1000,Kurta
Nayab Kurta Set,79900.0,,https://ridhimehra.com/cdn/shop/files/2_e520510b-1fa3-4fab-a938-b7b6990e25f3.jpg?v=1753093324&width=1000,Kurta
Saba Kurta Set,82800.0,,https://ridhimehra.com/cdn/shop/files/2_6f91947e-4ca0-4f53-b2fe-346b7d529eec.jpg?v=1753093326&width=1000,Kurta
Fiza Kurta Set,115000.0,,https://ridhimehra.com/cdn/shop/files/2_00560b78-96a6-439f-acd0-1cb82c767bae.jpg?v=1753093327&width=1000,Kurta
Tasveer Kurta Set,76800.0,,https://ridhimehra.com/cdn/shop/files/2_d9c45227-8638-48c1-8e23-9c261acc91fb.jpg?v=1753093328&width=1000,Kurta
Raag Kurta Set,79900.0,,https://ridhimehra.com/cdn/shop/files/2_8b6a20dc-f68e-45af-9e3f-92b44bad929b.jpg?v=1753093329&width=1000,Kurta
Mehrban Kurta Set,79900.0,,https://ridhimehra.com/cdn/shop/files/2_16b85269-fb99-4512-92ef-56120f43bad2.jpg?v=1753093331&width=1000,Kurta
Faza Kurta Set,99800.0,,https://ridhimehra.com/cdn/shop/files/2_990aaf72-792e-45c1-91b1-bf8b333a3f2f.jpg?v=1753093332&width=1000,Kurta
Rangin Kurta Set,89900.0,,https://ridhimehra.com/cdn/shop/files/2_65a34c6e-f53f-47fe-ac65-47a4df29dd14.jpg?v=1753093334&width=1000,Kurta
Zehra Kurta Set,66800.0,,https://ridhimehra.com/cdn/shop/files/2_0e649396-5081-425a-8aa1-f64cc8312c1e.jpg?v=1753093335&width=1000,Kurta
Manzar Kurta Set,64800.0,,https://ridhimehra.com/cdn/shop/files/RM22-01-250266.jpg?v=1753093336&width=1000,Kurta
Nishat Kurta Set,72700.0,,https://ridhimehra.com/cdn/shop/files/2_9a0295ca-1950-4580-8887-2881d1d02973.jpg?v=1753093338&width=1000,Kurta
Mausam Kurta Set,68800.0,Bestseller,https://ridhimehra.com/cdn/shop/files/2_c0608b6e-ffd8-4af3-a6f6-8b84a62b1b10.jpg?v=1762605051&width=1000,Kurta
Nargis Kurta Set,98800.0,,https://ridhimehra.com/cdn/shop/files/3_f2beebc1-546f-480f-a564-b460e8c26a99.jpg?v=1753093341&width=1000,Kurta
Afsana Kurta Set,68500.0,,https://ridhimehra.com/cdn/shop/files/2_e29ed825-6598-47ea-9ccc-2c3eeddbf6ea.jpg?v=1753093343&width=1000,Kurta
Shayar Kurta Set,72700.0,,https://ridhimehra.com/cdn/shop/files/2_9f734486-2b9a-483c-ae22-45d55eb28388.jpg?v=1753093344&width=1000,Kurta
Ghazal Kurta Set,72700.0,,https://ridhimehra.com/cdn/shop/files/2_c3acd45d-6365-4757-b2d3-de274dafdc88.jpg?v=1753093346&width=1000,Kurta
Anaya Kurta Set,79200.0,Limited Edition,https://ridhimehra.com/cdn/shop/files/RM24-09-2462963.jpg?v=1753093350&width=1000,Kurta
Shaila Kurta Set,146800.0,Limited Edition,https://ridhimehra.com/cdn/shop/files/RM24-09-2463460.jpg?v=1753093374&width=1000,Kurta
Roshni Kurta Set,231900.0,Limited Edition,https://ridhimehra.com/cdn/shop/files/RM24-09-2463094.jpg?v=1753093376&width=1000,Kurta
Prelude Kurta Set,47300.0,,https://ridhimehra.com/cdn/shop/files/2_fd6cf624-c1c8-4507-bec2-efb12fa61a72.jpg?v=1740053572&width=1000,Kurta
Sonata Kurta Set,37900.0,,https://ridhimehra.com/cdn/shop/files/2_8263fb31-8892-4169-b198-1539da589e0b.jpg?v=1740053577&width=1000,Kurta
Aria Kurta Set,42100.0,,https://ridhimehra.com/cdn/shop/files/2_e0a6cdea-b4d8-494e-8356-8b4ef0ab44e9.jpg?v=1740053579&width=1000,Kurta
Zohra Kurta Set,136200.0,,https://ridhimehra.com/cdn/shop/files/25-06-24_Ridhi_Mehra9882.jpg?v=1753093395&width=1000,Kurta
Gil Kurta cape set,74100.0,,https://ridhimehra.com/cdn/shop/files/side_77c372a5-a72f-4f14-b2d1-1a742345e8e6.jpg?v=1753093406&width=1000,Kurta
Green Silk Short Kurta With Tulip Pants,41000.0,,https://ridhimehra.com/cdn/shop/files/2_65eefcf2-87da-40c7-b2f9-28267622e3ed.jpg?v=1746708158&width=1000,Kurta
Blue Silk Short Kurta With Tulip Pants,41000.0,,https://ridhimehra.com/cdn/shop/files/3_88e01da3-dc80-4be6-a6d7-f78426506f77.jpg?v=1746708159&width=1000,Kurta
Ivory Silk Short Kurta With Tulip Pants,41000.0,,https://ridhimehra.com/cdn/shop/files/2_1aee79d8-8f9a-42d8-afc8-fafb60cdb716.jpg?v=1755858394&width=1000,Kurta
Yellow Silk Short Kurta With Tulip Pants,41000.0,,https://ridhimehra.com/cdn/shop/files/2_512efdaf-9d4a-47f9-a884-fdee90c13165.jpg?v=1755858396&width=1000,Kurta
Red Silk Short Kurta With Tulip Pants,41000.0,,https://ridhimehra.com/cdn/shop/files/2_e6142835-7942-4456-ad94-afd1c0777dbf.jpg?v=1755858398&width=1000,Kurta
Fuschia Silk Short Kurta With Tulip Pants,41000.0,,https://ridhimehra.com/cdn/shop/files/RIDHI-MEHRA-04-05-2439747.jpg?v=1755858400&width=1000,Kurta
Floral Printed Chanderi Kurta With Tulip Pants,20900.0,,https://ridhimehra.com/cdn/shop/files/1_c0d4f591-05f8-478b-a04a-253c668012d8.jpg?v=1755858401&width=1000,Kurta
Floral Printed Flared Short Kurta Set,20900.0,,https://ridhimehra.com/cdn/shop/files/3_c27abb1d-660c-4a05-a551-2b292dcbb153.jpg?v=1755858403&width=1000,Kurta
Floral Printed Chanderi Kurta Set,20900.0,,https://ridhimehra.com/cdn/shop/files/1_2495d382-78ee-4648-9df6-406201700615.jpg?v=1755858404&width=1000,Kurta
Floral Printed Chanderi Kurta With Pants,20900.0,,https://ridhimehra.com/cdn/shop/files/2_738d329c-1aa3-4694-976a-5d90a6b6aae2.jpg?v=1746708171&width=1000,Kurta
Ikkat Printed Chanderi Kurta Set,20900.0,,https://ridhimehra.com/cdn/shop/files/2_fb0f0495-00cb-4b89-8ab7-f763e7608372.jpg?v=1755858412&width=1000,Kurta
Ikkat Printed Flared Short Kurta Set,20900.0,,https://ridhimehra.com/cdn/shop/files/2_9fed177b-524f-4156-8a4b-ce0cb06bbbe1.jpg?v=1755858413&width=1000,Kurta
KUDI KURTA SET,136200.0,,https://ridhimehra.com/cdn/shop/files/01-02-24_RM_.9182.jpg?v=1707999562&width=1000,Kurta
Mae,6300.0,,https://ridhimehra.com/cdn/shop/files/RIDHI-MEHRA-Multicoloured_printed_chanderi_high_low_kurta_paired_with_chanderi_salwar_pants_618bb956-6335-4763-8e27-f59b7545938e.jpg?v=1755858474&width=1000,Kurta
SHOWCASE KURTA SET,132800.0,,https://ridhimehra.com/cdn/shop/files/Ridhi-Mehra-Champagne_net_embroidered_kali_kurta_with_silk_pants.jpg?v=1755858557&width=1000,Kurta
TERYN,20900.0,,https://ridhimehra.com/cdn/shop/files/RIDHI-MEHRA-Red_boota_printed_kali_kurta_with_pants.jpg?v=1746708176&width=1000,Kurta
FORSYTHIA,20900.0,,https://ridhimehra.com/cdn/shop/files/RIDHI-MEHRA-Black_boota_printed_kali_kurta_with_salwar.jpg?v=1746708177&width=1000,Kurta
TANSY,20900.0,,https://ridhimehra.com/cdn/shop/files/Ridhi-Mehra-Green_Multicoloured_printed_chanderi_kurta_paired_with_chanderi_salwar_pants.jpg?v=1755858616&width=1000,Kurta
SOMA,20900.0,,https://ridhimehra.com/cdn/shop/files/RIDHI-MEHRA-Green-Multicoloured-printed_chanderi_kurta_paired_with_chanderi_salwar_pants.jpg?v=1755858617&width=1000,Kurta
MAWAR,20900.0,,https://ridhimehra.com/cdn/shop/files/RIDHI-MEHRA-Red_Multicoloured_printed_chanderi_kurta_paired_with_chanderi_salwar_pants.jpg?v=1755858618&width=1000,Kurta
ORQUIDA,20900.0,,https://ridhimehra.com/cdn/shop/files/RIDHI-MEHRA-Green-Multicoloured-printed-chanderi_kurta_paired_with_chanderi_salwar_pants.jpg?v=1755858620&width=1000,Kurta
LITA,20900.0,,https://ridhimehra.com/cdn/shop/files/Ridhi-Mehra-Red_Multicoloured_printed_chanderi_high_low_kurta_paired_with_chanderi_salwar_pants.jpg?v=1755858621&width=1000,Kurta
KASSIA,20900.0,,https://ridhimehra.com/cdn/shop/files/Ridhi-Mehra-Green-Multicoloured-printed_chanderi_high_low_kurta_paired_with_chanderi_salwar_pants.jpg?v=1755858622&width=1000,Kurta
KALINA,20900.0,,https://ridhimehra.com/cdn/shop/files/RIDHI-MEHRA-Black-Multicolored_Print_flared_short_kurta_with_tulip_pants.jpg?v=1755858624&width=1000,Kurta
AIMBERI,20900.0,,https://ridhimehra.com/cdn/shop/files/RM-Black-Multicolored_Print_flared_short_kurta_with_tulip_pants.jpg?v=1755858625&width=1000,Kurta
BIRDIE,20900.0,,https://ridhimehra.com/cdn/shop/files/RIDHI-MEHRA-Red_Multicolored_Print_flared_short_kurta_with_tulip_pants.jpg?v=1755858626&width=1000,Kurta
SILAS,20900.0,,https://ridhimehra.com/cdn/shop/files/RIDHI-MEHRA-Green_Multicolored_Print_flared_short_kurta_with_tulip_pants.jpg?v=1755858628&width=1000,Kurta
AHZURO,20900.0,,https://ridhimehra.com/cdn/shop/files/RM-Black_flared_short_kurta_with_tulip_pants.jpg?v=1755858629&width=1000,Kurta
CLIANTHA,20900.0,,https://ridhimehra.com/cdn/shop/files/Ridhi_mehra_Black-flared_short_kurta_with_tulip_pants.jpg?v=1746708192&width=1000,Kurta
ARBOR,20900.0,,https://ridhimehra.com/cdn/shop/files/RM_Dusky_Pink_flared_short_kurta_with_tulip_pants.jpg?v=1755858630&width=1000,Kurta
ELOISE,20900.0,,https://ridhimehra.com/cdn/shop/files/RM_Ivory_Silk_flared_short_kurta_with_tulip_pants.jpg?v=1755858632&width=1000,Kurta
AMARYLLIS,147200.0,,https://ridhimehra.com/cdn/shop/products/23_e13f90a6-72af-4981-ba1d-b732e0f7ea3a.jpg?v=1684404371&width=1000,Kurta
Ressie,146800.0,,https://ridhimehra.com/cdn/shop/products/Ridhi-Mehra1789.jpg?v=1755858790&width=1000,Kurta
Wren,19900.0,,https://ridhimehra.com/cdn/shop/products/RIDHIMEHRA-Multicoloured_printed_chanderi_straight_long_kurta_with_puff_sleeves.jpg?v=1746708196&width=1000,Kurta
Emery,19900.0,,https://ridhimehra.com/cdn/shop/products/RM-Multicoloured-printed_chanderi_straight_long_kurta_with_churi_sleeves_paired_with_pants.jpg?v=1746708197&width=1000,Kurta
Phyliss,19900.0,,https://ridhimehra.com/cdn/shop/products/RM-Multicoloured-printed_chanderi_flared_short_kurta_with_tulip_pants..jpg?v=1746708199&width=1000,Kurta
Adriana,19900.0,,https://ridhimehra.com/cdn/shop/products/RM-Multicoloured-printed_chanderi_kurta_paired_with_chanderi_salwar_pants.jpg?v=1746708200&width=1000,Kurta
Reese In Light Pink,18800.0,,https://ridhimehra.com/cdn/shop/products/Ridhi-Mehra-Light_pink_chanderi_straight_long_kurta_with_puff_sleeves_paired_with_pants.jpg?v=1746708201&width=1000,Kurta
Reese In Light Blue,18800.0,,https://ridhimehra.com/cdn/shop/products/RIDHI-MEHRA-Light_Blue_chanderi_straight_long_kurta_with_puff_sleeves_paired_with_pants.jpg?v=1755858813&width=1000,Kurta
Tyra,18800.0,,https://ridhimehra.com/cdn/shop/products/Ridhi-Mehra-Green_silk_straight_long_kurta_with_churi_sleeves_paired_with_pants.jpg?v=1746708204&width=1000,Kurta
Penelope In Red,18800.0,,https://ridhimehra.com/cdn/shop/products/6_922f8307-ea08-4d48-8bd0-fd105ddab2e7.jpg?v=1746708205&width=1000,Kurta
Penelope In Royal Blue,18700.0,,https://ridhimehra.com/cdn/shop/products/RIDHI_MEHRA_Royal_blue_silk_straight_long_kurta_with_exaggerated_sleeves_paired_with_pants.jpg?v=1755858814&width=1000,Kurta
Fauve In Royal Blue,18800.0,,https://ridhimehra.com/cdn/shop/products/RM-Royal-blue_chanderi_flared_short_kurta_with_tulip_pants.jpg?v=1746708207&width=1000,Kurta
Fauve In Dark Green,18800.0,,https://ridhimehra.com/cdn/shop/products/25_5eacb312-2fe8-463a-bb0d-e744ef5c7128.jpg?v=1746708209&width=1000,Kurta
Fauve In Red,18800.0,,https://ridhimehra.com/cdn/shop/products/RIDHI_MEHRA_Red_silk_flared_short_kurta_with_tulip_pants.jpg?v=1755858816&width=1000,Kurta
Fauve in bright fuchsia,18800.0,,https://ridhimehra.com/cdn/shop/products/RM-Bright-Fucshia_silk_flared_short_kurta_with_tulip_pants.jpg?v=1755858817&width=1000,Kurta
OLEANDER,58000.0,,https://ridhimehra.com/cdn/shop/products/97.jpg?v=1650891223&width=1000,Kurta
BRIONY,48500.0,,https://ridhimehra.com/cdn/shop/products/12_16a6f047-a732-4305-a6fd-c578088a2b34.jpg?v=1650547810&width=1000,Kurta
LIJA,17600.0,,https://ridhimehra.com/cdn/shop/products/8_c6fbcf3b-61c3-4c4d-99f8-9b231de5ee72.png?v=1746708212&width=1000,Kurta
SANSA,18600.0,,https://ridhimehra.com/cdn/shop/products/68_a28474d1-2d94-43ac-9855-b99b631b47c5.png?v=1746708213&width=1000,Kurta
ROSITA,18600.0,,https://ridhimehra.com/cdn/shop/products/79_b05a9c38-579a-4394-9f9b-f349625e14c7.png?v=1746708215&width=1000,Kurta
TIONNA IN LILAC,17600.0,,https://ridhimehra.com/cdn/shop/products/76_33bcddfe-b5c8-4d78-8886-c69716d3f295.png?v=1746708216&width=1000,Kurta
TIONNA IN YELLOW,17600.0,,https://ridhimehra.com/cdn/shop/products/63_6b1fe7c6-c79d-4400-85c3-2545139cc871.png?v=1746708217&width=1000,Kurta
TIONNA IN FUCHSIA,17600.0,,https://ridhimehra.com/cdn/shop/products/61_cc37167d-492c-4c8a-8f88-9154de8063fb.png?v=1746708219&width=1000,Kurta
ORVA,51700.0,,https://ridhimehra.com/cdn/shop/products/22_500f84b5-3821-41aa-b6ce-c91e688c1b6f.png?v=1625142825&width=1000,Kurta
COEUR,34300.0,,https://ridhimehra.com/cdn/shop/products/12_b09065f8-4f7f-4aef-8865-170a36d1c933.png?v=1617088252&width=1000,Kurta
PATRICA,17600.0,,https://ridhimehra.com/cdn/shop/products/RIDHI-MEHRA-Navy_big_floral_printed_chanderi_kurta._Navy_big_floral_printed_chanderi_salwar_pants..png?v=1697021291&width=1000,Kurta
IMOGEN,17600.0,,https://ridhimehra.com/cdn/shop/products/5_6ff98417-75ff-4d46-a95e-43b9b915a92c.png?v=1617277755&width=1000,Kurta
NORMA,34500.0,,https://ridhimehra.com/cdn/shop/products/12_9413af5e-c9aa-4ceb-ba73-708e12c8b5de.png?v=1617087174&width=1000,Kurta
GISELLE,19700.0,,https://ridhimehra.com/cdn/shop/products/7_4e8b9a68-7b71-4a64-b6e4-971cc925f9c5.png?v=1746708220&width=1000,Kurta
CAROLINE,26000.0,,https://ridhimehra.com/cdn/shop/products/3_edd946ec-1a0d-431f-9b21-06c6b6204bc6.png?v=1746708221&width=1000,Kurta
SIMONE,26000.0,,https://ridhimehra.com/cdn/shop/products/16_e0268364-cb11-44a1-9c37-c413ee60b422.png?v=1746708222&width=1000,Kurta
ZURI,26000.0,,https://ridhimehra.com/cdn/shop/products/11_59e645d7-3a21-42a7-952c-b401dcf01f60.png?v=1746708224&width=1000,Kurta
MIRIAM,17600.0,,https://ridhimehra.com/cdn/shop/products/3_f88c16c9-e0e8-4a57-8486-50a742bc1d14.png?v=1746708225&width=1000,Kurta
SALLY,18600.0,,https://ridhimehra.com/cdn/shop/products/12_4b6ebdb8-b01a-4cbf-a51c-827a7847e60c.png?v=1746708227&width=1000,Kurta
RUTH,34300.0,,https://ridhimehra.com/cdn/shop/products/RIDHI-MEHRA-Fuschia_embroidered_chanderi_kurta-pants_set_with_Bandhani_printed_fine_silk_dupatta.png?v=1746708228&width=1000,Kurta
ELISE,17600.0,,https://ridhimehra.com/cdn/shop/products/RIDHI-MEHRA-Fuschia_big_floral_printed_chanderi_kurta._Fuschia_big_floral_printed_chanderi_pants..png?v=1746708229&width=1000,Kurta
RENEE,17800.0,,https://ridhimehra.com/cdn/shop/products/15_594249ce-6f1b-4435-8769-6f7e7d9474c6.png?v=1746708230&width=1000,Kurta
NOEMIA,17600.0,,https://ridhimehra.com/cdn/shop/products/RIDHI-MEHRA-Red_folk_printed_chanderi_kurta._Red_folk_printed_chanderi_salwar_pants..png?v=1746708231&width=1000,Kurta
INES,18600.0,,https://ridhimehra.com/cdn/shop/products/RIDHI-MEHRA-Turquoise_paisley_printed_chanderi_high_low_kurta.png?v=1746708233&width=1000,Kurta
STELLA,18600.0,,https://ridhimehra.com/cdn/shop/products/10_a2f5febc-8c13-4c44-bfc2-577bc6c7cc44.png?v=1746708234&width=1000,Kurta
TILDA,17600.0,,https://ridhimehra.com/cdn/shop/products/RM-Powder_blue_folk_printed_chanderi_kurta._Powder_blue_folk_printed_chanderi_pants..png?v=1746708235&width=1000,Kurta
CORA,17600.0,,https://ridhimehra.com/cdn/shop/products/5_ed9287b6-7d97-4da8-8455-6e78db0c8235.png?v=1746708236&width=1000,Kurta
ODILA,17600.0,,https://ridhimehra.com/cdn/shop/products/RIDHI-MEHRA-Yellow_big_floral_printed_chanderi_kurta._Yellow_big_floral_printed_salwar_pants..png?v=1746708238&width=1000,Kurta
JOANNA,17600.0,,https://ridhimehra.com/cdn/shop/products/15_bdb40014-1058-48e7-b0ef-b283fab34f41.png?v=1746708239&width=1000,Kurta
CLARA,17800.0,,https://ridhimehra.com/cdn/shop/products/RIDHI-MEHRA-Beige_Big_Floral_printed_Chanderi_long_kurta._Beige_chevron_printed_chanderi_pants..png?v=1746708240&width=1000,Kurta
FAE,17600.0,,https://ridhimehra.com/cdn/shop/products/i6.png?v=1746708241&width=1000,Kurta
Farheen - Kurta,41900.0,,https://ridhimehra.com/cdn/shop/products/18_8c0b3b78-2eb1-48d8-9abd-e8bb0c897c39.png?v=1608104842&width=1000,Kurta
Miral,31300.0,,https://ridhimehra.com/cdn/shop/products/15_c0e51add-6737-47fc-9987-05a64183075a.png?v=1608113209&width=1000,Kurta
Umaira,32400.0,,https://ridhimehra.com/cdn/shop/products/6_6bcb6688-fdea-494f-9345-16b8bd433295.png?v=1608103646&width=1000,Kurta
Nosheen,31300.0,,https://ridhimehra.com/cdn/shop/products/11_2acd0674-f9ef-4a79-a787-06b4ee65d192.png?v=1608113271&width=1000,Kurta
BLOOM,52800.0,,https://ridhimehra.com/cdn/shop/files/RM_12554.jpg?v=1777891025&width=1000,Co-ord
IRENE,52800.0,,https://ridhimehra.com/cdn/shop/files/RM_12612.jpg?v=1777891009&width=1000,Co-ord
Jazz Top Pants Set,42100.0,,https://ridhimehra.com/cdn/shop/files/3_f9c86dc1-3d9b-4012-ab8f-947a1fe99f66.jpg?v=1744451042&width=1000,Co-ord
Chorus Top Pants Set,42100.0,,https://ridhimehra.com/cdn/shop/files/3_4e7b6d66-1533-4c65-9b61-43d54740759b.jpg?v=1744451041&width=1000,Co-ord
Sonic Top Pants Set,41000.0,,https://ridhimehra.com/cdn/shop/files/3_91af6971-320a-4595-98c0-f3906e341954.jpg?v=1726123489&width=1000,Co-ord
Glide Top Pants Set,31600.0,,https://ridhimehra.com/cdn/shop/files/2_f0818894-57fe-464d-a3f1-65b73b5815b2.jpg?v=1726122964&width=1000,Co-ord
Riff Shirt Pants Set,37900.0,,https://ridhimehra.com/cdn/shop/files/2_539f1b5a-0f05-4d9e-b61b-19817ecca1e8.jpg?v=1744451040&width=1000,Co-ord
Sway Shirt Pants Set,37900.0,,https://ridhimehra.com/cdn/shop/files/2_24450b37-7037-48fb-b21a-4233200535df.jpg?v=1744451039&width=1000,Co-ord
Melody Frill Top Pants Set,37900.0,,https://ridhimehra.com/cdn/shop/files/3_beee2654-407a-46be-ba48-829b370a03c9.jpg?v=1744451038&width=1000,Co-ord
Chime Shirt Pants Set,37900.0,,https://ridhimehra.com/cdn/shop/files/2_73437d6d-2edf-47ac-ae08-f78c2f2a74ac.jpg?v=1744451036&width=1000,Co-ord
Bliss Shirt Pants Set,34700.0,,https://ridhimehra.com/cdn/shop/files/2_ecb53376-239e-42a9-924c-8de7c582d221.jpg?v=1744451035&width=1000,Co-ord
Swing Shirt Pants Set,34700.0,,https://ridhimehra.com/cdn/shop/files/2_e5d64c3f-cde4-4a44-ac45-e5249d73f48c.jpg?v=1744451034&width=1000,Co-ord
RHAPSODY SHARARA JACKET SET,136200.0,,https://ridhimehra.com/cdn/shop/files/RM-Ivory_Georgette_Blouse_and_Flared_Pants_Paired_With_Organza_3d_Embroidered_Long_Jacket_2236cb12-6359-4afe-95e5-b423ac44fcd5.jpg?v=1755858363&width=1000,Co-ord
Green Silk Short Kurta With Tulip Pants,41000.0,,https://ridhimehra.com/cdn/shop/files/2_65eefcf2-87da-40c7-b2f9-28267622e3ed.jpg?v=1746708158&width=1000,Co-ord
Blue Silk Short Kurta With Tulip Pants,41000.0,,https://ridhimehra.com/cdn/shop/files/3_88e01da3-dc80-4be6-a6d7-f78426506f77.jpg?v=1746708159&width=1000,Co-ord
Ivory Silk Short Kurta With Tulip Pants,41000.0,,https://ridhimehra.com/cdn/shop/files/2_1aee79d8-8f9a-42d8-afc8-fafb60cdb716.jpg?v=1755858394&width=1000,Co-ord
Yellow Silk Short Kurta With Tulip Pants,41000.0,,https://ridhimehra.com/cdn/shop/files/2_512efdaf-9d4a-47f9-a884-fdee90c13165.jpg?v=1755858396&width=1000,Co-ord
Red Silk Short Kurta With Tulip Pants,41000.0,,https://ridhimehra.com/cdn/shop/files/2_e6142835-7942-4456-ad94-afd1c0777dbf.jpg?v=1755858398&width=1000,Co-ord
Fuschia Silk Short Kurta With Tulip Pants,41000.0,,https://ridhimehra.com/cdn/shop/files/RIDHI-MEHRA-04-05-2439747.jpg?v=1755858400&width=1000,Co-ord
Blue Oversized Shirt With Flared Pants,26200.0,,https://ridhimehra.com/cdn/shop/files/3_682726f9-9f4a-4194-a740-0364874f7400.jpg?v=1746708483&width=1000,Co-ord
Red Chanderi Shirt With Flared Pants,26200.0,,https://ridhimehra.com/cdn/shop/files/2_1f397ba5-8b41-44d5-aea2-b4498b663df1.jpg?v=1746708485&width=1000,Co-ord
Ikkat Printed Co-ord Set,25200.0,,https://ridhimehra.com/cdn/shop/files/1_234493cc-a360-49a3-a9ce-e67bebb36733.jpg?v=1746708486&width=1000,Co-ord
Floral Printed Chanderi Kurta With Tulip Pants,20900.0,,https://ridhimehra.com/cdn/shop/files/1_c0d4f591-05f8-478b-a04a-253c668012d8.jpg?v=1755858401&width=1000,Co-ord
Floral Printed Cape Set,25200.0,,https://ridhimehra.com/cdn/shop/files/2_cf60756e-268a-491b-81f2-4d5b29b8facb.jpg?v=1715681860&width=1000,Co-ord
Floral Printed Jacket With Pants,25200.0,,https://ridhimehra.com/cdn/shop/files/2_2e60dda3-2e6c-43b2-88e1-bbe022f93916.jpg?v=1746708487&width=1000,Co-ord
Floral Printed Flared Short Kurta Set,20900.0,,https://ridhimehra.com/cdn/shop/files/3_c27abb1d-660c-4a05-a551-2b292dcbb153.jpg?v=1755858403&width=1000,Co-ord
Floral Printed Chanderi Kurta Set,20900.0,,https://ridhimehra.com/cdn/shop/files/1_2495d382-78ee-4648-9df6-406201700615.jpg?v=1755858404&width=1000,Co-ord
Floral Printed Chanderi Kurta With Pants,20900.0,,https://ridhimehra.com/cdn/shop/files/2_738d329c-1aa3-4694-976a-5d90a6b6aae2.jpg?v=1746708171&width=1000,Co-ord
Floral Printed Shirt with Flared Pants,26200.0,,https://ridhimehra.com/cdn/shop/files/2_c49c3600-ecbd-474d-9fb9-56cd1c336249.jpg?v=1746708488&width=1000,Co-ord
Ikkat Printed Cape Set,25000.0,,https://ridhimehra.com/cdn/shop/files/3_f8bc4a1f-d6ef-4e11-99bc-2998373431aa.jpg?v=1755858407&width=1000,Co-ord
Ikkat Printed Shirt Set,25200.0,,https://ridhimehra.com/cdn/shop/files/2_703edbf5-68a7-4000-9dc6-f1a02afd9a60.jpg?v=1755858408&width=1000,Co-ord
Ikkat Printed Peplum Set,25000.0,,https://ridhimehra.com/cdn/shop/files/1_962336d5-109b-4d3d-9588-b0dd2dcfab41.jpg?v=1755858410&width=1000,Co-ord
Ikkat Printed Chanderi Kurta Set,20900.0,,https://ridhimehra.com/cdn/shop/files/2_fb0f0495-00cb-4b89-8ab7-f763e7608372.jpg?v=1755858412&width=1000,Co-ord
Ikkat Printed Flared Short Kurta Set,20900.0,,https://ridhimehra.com/cdn/shop/files/2_9fed177b-524f-4156-8a4b-ce0cb06bbbe1.jpg?v=1755858413&width=1000,Co-ord
Kriti Kharbanda's Haldi Crop Top Pant Set,165800.0,,https://ridhimehra.com/cdn/shop/files/WhatsAppImage2024-03-24at6.49.53PM_1.jpg?v=1712819287&width=1000,Co-ord
RIDHI MEHRA IN CHICANCHOR SHIRT PANT SET,30500.0,,https://ridhimehra.com/cdn/shop/files/DSC03469.jpg?v=1755858454&width=1000,Co-ord
ICON PANTSUIT,99900.0,,https://ridhimehra.com/cdn/shop/files/Ridhi-mehra-Red_Printed_Raw_Silk_Embroidered_Jacket_and_Printed_Flared_Pants_With_Embroidered_Printed_Belt.jpg?v=1755858558&width=1000,Co-ord
RHOSWEN,25000.0,,https://ridhimehra.com/cdn/shop/files/RM21-041710-Copy.jpg?v=1746708493&width=1000,Co-ord
PEMA,25200.0,,https://ridhimehra.com/cdn/shop/files/RIDHI-MEHRA-Red_boota_cape_and_bustier_paired_with_pants.jpg?v=1755858601&width=1000,Co-ord
OLEANA,25200.0,,https://ridhimehra.com/cdn/shop/files/RIDHI-MEHRA-Green_Multicolored_cape_and_bustier_paired_with_pants.jpg?v=1755858602&width=1000,Co-ord
CLEMENSIA,25200.0,,https://ridhimehra.com/cdn/shop/files/Ridhi-mehra-Ivory_boota_printed_chanderi_sleeveless_shirt_paired_with_flared_pants_and_tie_up_belt.jpg?v=1755858603&width=1000,Co-ord
CORYMBIA,26200.0,,https://ridhimehra.com/cdn/shop/files/RM21-041061.jpg?v=1755858605&width=1000,Co-ord
PALESA,26200.0,,https://ridhimehra.com/cdn/shop/files/RIDHI-MEHRA-Dusky_pink_anchor_detailed_shirt_and_flared_pants_paired_with_anchor_detailed_belt.jpg?v=1755858606&width=1000,Co-ord
FIORALBA,26200.0,,https://ridhimehra.com/cdn/shop/files/RM21-041345.jpg?v=1746708498&width=1000,Co-ord
FIORALBA,26200.0,,https://ridhimehra.com/cdn/shop/files/Ridhi-mehra-Red_boota_printed_anchor_detailed_shirt_and_flared_pants_paired_with_anchor_detailed_belt.jpg?v=1746708500&width=1000,Co-ord
GRANCE,25000.0,,https://ridhimehra.com/cdn/shop/files/RM-Black-Multicolored_cape_and_bustier_paired_with_pants_and_tie_up_belt.jpg?v=1755858608&width=1000,Co-ord
MARGUERITE,25000.0,,https://ridhimehra.com/cdn/shop/files/RIDHI-MEHRA-Green_Multicolored_cape_and_bustier_paired_with_pants_and_tie_up_belt.jpg?v=1755858609&width=1000,Co-ord
SIERRA,25000.0,,https://ridhimehra.com/cdn/shop/files/RIDHI-MEHRA-Black_cape_and_bustier_paired_with_pants_and_tie_up_belt.jpg?v=1755858611&width=1000,Co-ord
REMY,25000.0,,https://ridhimehra.com/cdn/shop/files/RM21-041889-Copy.jpg?v=1755858612&width=1000,Co-ord
Arushi Mehra in Effie,23100.0,,https://ridhimehra.com/cdn/shop/products/2_87883735-586d-46bb-9c84-f8456acd8fb9.jpg?v=1746708501&width=1000,Co-ord
Jemma in fuchsia,22800.0,,https://ridhimehra.com/cdn/shop/products/19_fe19f598-2b9d-4a80-8072-910cbb6718d2.jpg?v=1755858801&width=1000,Co-ord
Emery,25000.0,,https://ridhimehra.com/cdn/shop/products/70_cb814c18-706c-4a52-9490-b0a870a8236a.jpg?v=1755858808&width=1000,Co-ord
Micah,25000.0,,https://ridhimehra.com/cdn/shop/products/78.jpg?v=1755858809&width=1000,Co-ord
Freyja,23100.0,,https://ridhimehra.com/cdn/shop/products/87_afd2b182-3e37-4031-9277-198b0968c645.jpg?v=1746708507&width=1000,Co-ord
Jayleen,25000.0,,https://ridhimehra.com/cdn/shop/products/RM-Multicoloured-printed_Chanderi_Peplum_top_paired_with_flared_pants.jpg?v=1746708508&width=1000,Co-ord
Reyna,23100.0,,https://ridhimehra.com/cdn/shop/products/RIDHI-MEHRA-Multicoloured_printed_chanderi.jpg?v=1746708509&width=1000,Co-ord
Effie,23100.0,,https://ridhimehra.com/cdn/shop/products/95_50ea9ad9-b71b-4e3c-bc98-d2e9d1a3a2ed.jpg?v=1755858811&width=1000,Co-ord
Jemma In Royal Blue,25000.0,,https://ridhimehra.com/cdn/shop/products/RM-Royal-blue_achor_detailed_shirt_and_flared_pants_paired_with_anchor_detailed_belt.jpg?v=1746708510&width=1000,Co-ord
NOAH,5000.0,,https://ridhimehra.com/cdn/shop/products/8_37b4e701-f52c-4aab-a4bc-59ac2760f272.png?v=1622297385&width=1000,Co-ord
Mahroo Peplum set,104300.0,Bestseller,https://ridhimehra.com/cdn/shop/files/25-06-24_Ridhi_Mehra9766.jpg?v=1753093426&width=1080,Peplum
Nazneen Peplum Garara Set,62200.0,Bestseller,https://ridhimehra.com/cdn/shop/files/UntitledCapture1704copy.jpg?v=1758869975&width=1080,Peplum
Sancha Peplum Garara Set,62200.0,Bestseller,https://ridhimehra.com/cdn/shop/files/UntitledCapture1505copy.jpg?v=1758879282&width=1080,Peplum
Izhaar Peplum Garara Set,62200.0,Bestseller,https://ridhimehra.com/cdn/shop/files/UntitledCapture1635copy.jpg?v=1758870058&width=1080,Peplum
Isha Sutaria in Eshrat,157200.0,,https://ridhimehra.com/cdn/shop/files/471536908_1373747043591895_694181394521396489_n_1.jpg?v=1740053564&width=1080,Peplum
Raaya Peplum Set,105300.0,Limited Edition,https://ridhimehra.com/cdn/shop/files/RM24-09-2462578.jpg?v=1753093347&width=1080,Peplum
Nayra Peplum Set,185700.0,Limited Edition,https://ridhimehra.com/cdn/shop/files/RM24-09-2463956.jpg?v=1753093359&width=1080,Peplum
Gulsitan Peplum set,62200.0,,https://ridhimehra.com/cdn/shop/files/front_127db1ae-97ed-4cb1-a5da-975f645f7294.jpg?v=1753093402&width=1080,Peplum
Nashit Peplum set,62200.0,,https://ridhimehra.com/cdn/shop/files/front_2c79490a-a486-4e89-b92a-3ec77fbb8f01.jpg?v=1753093404&width=1080,Peplum
POSY,25000.0,,https://ridhimehra.com/cdn/shop/files/RM-Black_Multicoloured_printed_chanderi_peplum_paired_with_pants.jpg?v=1696846072&width=1080,Peplum
VARDA,25000.0,,https://ridhimehra.com/cdn/shop/files/RM-Red_Multicoloured_printed_chanderi_peplum_paired_with_pants.jpg?v=1755858614&width=1080,Peplum
Saadirah,83400.0,,https://ridhimehra.com/cdn/shop/products/RIDHI-MEHRA---Red_Printed_Raw_Silk_Embroidered_Sharara.jpg?v=1740053613&width=1080,Peplum
Laiqa,55900.0,,https://ridhimehra.com/cdn/shop/products/Ridhi-Mehra-Light_Pink_Printed_Chiffon_Embroidered_Garara.jpg?v=1740053615&width=1080,Peplum
Eshrat,157200.0,,https://ridhimehra.com/cdn/shop/products/RM--Red_Net_Monotone_Embroidered_Peplum_Garara.jpg?v=1740053616&width=1080,Peplum
Aafeh,111700.0,,https://ridhimehra.com/cdn/shop/products/RM--Yellow_Net_Embroidered_Peplum_Sharara.jpg?v=1740053618&width=1080,Peplum
Elnaz,104300.0,,https://ridhimehra.com/cdn/shop/products/RM-Dark_Champagne_Net_Full_Embroidered_Peplum_Sharara.jpg?v=1740053619&width=1080,Peplum
Mrunal Thakur in  Dilek,55900.0,,https://ridhimehra.com/cdn/shop/products/1_7c4628d8-babf-4502-957e-475b0756360e.jpg?v=1678448794&width=1080,Peplum
Aditi Rao Hydri In Jorunn,55900.0,,https://ridhimehra.com/cdn/shop/products/8_2f1c5473-a892-4389-9f3c-f30f61941b4e.jpg?v=1678448911&width=1080,Peplum
Jorunn,55900.0,,https://ridhimehra.com/cdn/shop/products/Ridhi-Mehra-Fucshia_printed_chiffon_embroidered_peplum_with_printed_chiffon_garara.jpg?v=1755858768&width=1080,Peplum
Dilek,55900.0,,https://ridhimehra.com/cdn/shop/products/Ridhi-Mehra-_Navy_printed_chiffon_embroidered_peplum_with_printed_chiffon_garara.jpg?v=1755858769&width=1080,Peplum
Jazlyn,200300.0,,https://ridhimehra.com/cdn/shop/products/Ridhi-Mehra-Deep_fucshia_allover_thread_embroidered-Sharara.jpg?v=1755858782&width=1080,Peplum
Jayleen,25000.0,,https://ridhimehra.com/cdn/shop/products/RM-Multicoloured_printed_Chanderi_Peplum_top_paired_with_flared_pants.jpg?v=1746708508&width=1080,Peplum
LILANE,105300.0,,https://ridhimehra.com/cdn/shop/products/RM-Embroidered_net_peplum_top_with_organza_garara.jpg?v=1740053621&width=1080,Peplum
AZALEA  IN LIGHT ONION PINK,104600.0,,https://ridhimehra.com/cdn/shop/products/11_a092fa59-de19-41c1-afac-d25b3f5fe23f.jpg?v=1650549214&width=1080,Peplum
TANSY,55900.0,,https://ridhimehra.com/cdn/shop/products/59_77e00dd8-6440-4e47-9a2c-ae05ca01af30.jpg?v=1740053622&width=1080,Peplum
WINIKA,55900.0,,https://ridhimehra.com/cdn/shop/products/66.jpg?v=1740053624&width=1080,Peplum
SENNA,102500.0,Sold Out,https://ridhimehra.com/cdn/shop/products/30_d5c1392c-8ee0-4ac9-aa1d-63a63e71d4fe.jpg?v=1648475654&width=1080,Peplum
AZALEA,104600.0,Bestseller,https://ridhimehra.com/cdn/shop/products/55_07599e6c-ab3a-4fce-8b7f-8099ff916d21.jpg?v=1647761557&width=1080,Peplum
,,,,Peplum
,,,,Peplum
CALLA,157200.0,Bestseller,https://ridhimehra.com/cdn/shop/products/RM-Embroidered_net_Peplum_with_embroidered_net_garara.jpg?v=1740053625&width=1080,Peplum
SANJANA BATRA IN BRIJA,95200.0,Bestseller,https://ridhimehra.com/cdn/shop/products/19_86805fe0-8409-4475-84e1-ee996e73651a.jpg?v=1649914095&width=1080,Peplum
LEELAH,22800.0,,https://ridhimehra.com/cdn/shop/products/58_599c36e2-af74-4da6-9031-b76f9fa6fbb8.png?v=1643611125&width=1080,Peplum
Aarna,55900.0,,https://ridhimehra.com/cdn/shop/products/RM-Chanderi_jacquard_peplum_with_embroidered_neckline.jpg?v=1755858380&width=1080,Peplum
Brija,95200.0,Bestseller,https://ridhimehra.com/cdn/shop/products/RM-Embroidered_net_cape_peplum_and_organza_gharara.jpg?v=1755858854&width=1080,Peplum
sukhneet wadhwa gujral IN FLEURINE,60000.0,,https://ridhimehra.com/cdn/shop/products/1_6615a23b-28a5-4c37-b1d8-d43e617c0dd4.jpg?v=1638968198&width=1080,Peplum
Rukm,95200.0,,https://ridhimehra.com/cdn/shop/products/52.jpg?v=1755858901&width=1080,Peplum
MIRA KAPOOR IN FRIYA,55900.0,,https://ridhimehra.com/cdn/shop/products/1_cd45efb6-7598-4ec5-8ec0-9289ebe79aa8.jpg?v=1636456903&width=1080,Peplum
SOPHIE CHOUDHRY IN VERA,7200.0,,https://ridhimehra.com/cdn/shop/products/2_b0a1c6f6-5286-4990-84d3-0e6bb9a1b61c.png?v=1634825204&width=1080,Peplum
FLORIANA,55900.0,,https://ridhimehra.com/cdn/shop/products/5_2a1ccc7c-8ceb-489f-8296-e5f450f34916.png?v=1740053655&width=1080,Peplum
JUDY,7200.0,,https://ridhimehra.com/cdn/shop/products/i2.png?v=1617097023&width=1080,Peplum
VERA,7200.0,,https://ridhimehra.com/cdn/shop/products/RM_Beige_Big_Floral_printed_Chanderi_Peplum_top._Beige_big_floral_printed_chanderi_flared_pants..png?v=1696853742&width=1080,Peplum
PRERNA MEHRA in Hazel,95200.0,,https://ridhimehra.com/cdn/shop/products/23_4726e52c-5c6c-4c24-88b9-eb585816590e.png?v=1740053658&width=1080,Peplum
Aditi Rao Hydari in Dilnaz,55900.0,,https://ridhimehra.com/cdn/shop/products/rm_edcdd503-de2b-4208-b41c-2a2f4b68a647.png?v=1604144109&width=1080,Peplum
Anera,69600.0,,https://ridhimehra.com/cdn/shop/products/RIDHIMEHRA9773.jpg?v=1740052539&width=1080,Peplum
Prim,84300.0,,https://ridhimehra.com/cdn/shop/products/RIDHIMEHRA9185.jpg?v=1740053666&width=1080,Peplum
Ziba,58000.0,,https://ridhimehra.com/cdn/shop/products/RIDHIMEHRA8660.jpg?v=1596624337&width=1080,Peplum
Elaheh,66500.0,,https://ridhimehra.com/cdn/shop/products/14_1.png?v=1740053672&width=1080,Peplum
Andya,55900.0,,https://ridhimehra.com/cdn/shop/products/15_1.png?v=1740053675&width=1080,Peplum
Ziba,58000.0,,https://ridhimehra.com/cdn/shop/products/21_1.png?v=1580816261&width=1080,Peplum
Farvardin,95200.0,,https://ridhimehra.com/cdn/shop/products/06_1.png?v=1740053679&width=1080,Peplum
Khushi Kapoor in Freesia,95200.0,,https://ridhimehra.com/cdn/shop/products/31_1_ba451cba-e4d1-4f8d-9f16-2e28ae2163fc.png?v=1582881671&width=1080,Peplum
Dabira,72700.0,,https://ridhimehra.com/cdn/shop/products/Screenshot_2019-08-28_at_1.43.51_PM.png?v=1740053682&width=1080,Peplum
Taapsee Pannu in Arezu,95200.0,,https://ridhimehra.com/cdn/shop/products/18_1_bebc24f1-d08a-4855-83b3-458af706f772.png?v=1582875438&width=1080,Peplum
Peplonia,104000.0,,https://ridhimehra.com/cdn/shop/products/06_1_ddc6c8f4-f84a-464b-91a2-7bd4fa2c0f1f.png?v=1581060471&width=1080,Peplum
Aida,105300.0,,https://ridhimehra.com/cdn/shop/products/04_1_88e2f1bc-8029-41c3-b671-907482301f64.png?v=1740053687&width=1080,Peplum
Petunia,83400.0,,https://ridhimehra.com/cdn/shop/products/10_1_ff7334b3-e4bc-4ad9-b999-aaa7864a7bf9.png?v=1740053688&width=1080,Peplum
Freesia,95200.0,,https://ridhimehra.com/cdn/shop/products/01_1_748f303e-cc3e-47cc-86ab-897b15dc6341.png?v=1755858963&width=1080,Peplum
,,,,Peplum
,,,,Peplum
Zinnia,55900.0,,https://ridhimehra.com/cdn/shop/products/55944907_1500269613441726_14606526643699712_o_1500269606775060.jpg?v=1740053690&width=1080,Peplum
Aster,55900.0,,https://ridhimehra.com/cdn/shop/products/56296896_1500271073441580_6474628568398692352_o_1500271066774914.jpg?v=1554258576&width=1080,Peplum
Embellished Peplum with Organza Sharara Trousers,104300.0,,https://ridhimehra.com/cdn/shop/products/01_1_02ae1de4-81e0-41ec-8d36-9d98a3b0462c.png?v=1755858966&width=1080,Peplum
,,,,Peplum
,,,,Peplum
The Vestige Jacket Skirt Set,118800.0,Limited Edition,https://ridhimehra.com/cdn/shop/files/RM13-01-2627589.jpg?v=1770016173&width=1080,Jacket
Rasha in Cadenza Jacket Set,124800.0,,https://ridhimehra.com/cdn/shop/files/CopyofAGimg_10311copy.jpg?v=1753694843&width=1080,Jacket
Ridhi mehra in Cyra Jacket Set,98800.0,,https://ridhimehra.com/cdn/shop/files/IMG-20250519-WA0038_1.jpg?v=1753093275&width=1080,Jacket
Lisa Mishra in Cadenza Jacket Set,148800.0,,https://ridhimehra.com/cdn/shop/files/RM-1.jpg?v=1747396591&width=1080,Jacket
Intertwine Jacket Skirt Set,368800.0,Limited Edition,https://ridhimehra.com/cdn/shop/files/RM26-02-250656.jpg?v=1753093281&width=1080,Jacket
Ridhi Mehra In Mellow Jacket Set,128800.0,Limited Edition,https://ridhimehra.com/cdn/shop/files/1_fdc4faa7-e183-4587-8521-2f6ec86ede08.jpg?v=1753093315&width=1080,Jacket
Payal Shah in Cadenza Jacket Set,52800.0,,https://ridhimehra.com/cdn/shop/files/IMG_2251.jpg?v=1736497613&width=1080,Jacket
Bahaar Dhawan in Zeeb Pant Suit Set,341700.0,,https://ridhimehra.com/cdn/shop/files/image00003_a6144082-942b-4f46-8aeb-aad5dba853ae.jpg?v=1731677754&width=1080,Jacket
Saira Jacket Set,317400.0,Limited Edition,https://ridhimehra.com/cdn/shop/files/RM24-09-2462984.jpg?v=1753093357&width=1080,Jacket
Aarohi Jacket Set,397400.0,Limited Edition,https://ridhimehra.com/cdn/shop/files/RM24-09-2463701.jpg?v=1753093372&width=1080,Jacket
Summiya in Pulse Jacket Set,341700.0,,https://ridhimehra.com/cdn/shop/files/Photo12-10-24_21710AM.jpg?v=1730871918&width=1080,Jacket
Navneet in Jive Jacket Set,238800.0,,https://ridhimehra.com/cdn/shop/files/image1_2.jpg?v=1729754559&width=1080,Jacket
Bahaar Dhawan in Cadenza Jacket Set,104300.0,,https://ridhimehra.com/cdn/shop/files/image00017.jpg?v=1729247495&width=1080,Jacket
Sharnamli in Glide Top Pants Set,332400.0,,https://ridhimehra.com/cdn/shop/files/WhatsAppImage2024-10-14at3.26.55PM_1.jpg?v=1729246974&width=1080,Jacket
Echo Jacket Set,157200.0,,https://ridhimehra.com/cdn/shop/files/1_fabe5ee5-7db6-4297-8c29-94f60fe89423.jpg?v=1726126166&width=1080,Jacket
Sonic Top Pants Set,151900.0,,https://ridhimehra.com/cdn/shop/files/1_6ec83577-c20c-4d6b-9e99-97e23de9b5de.jpg?v=1726123489&width=1080,Jacket
Glide Top Pants Set,348000.0,,https://ridhimehra.com/cdn/shop/files/1_675a4301-ac44-4068-b63f-e1c6b280176b.jpg?v=1726122964&width=1080,Jacket
Sync Jacket Set,294800.0,,https://ridhimehra.com/cdn/shop/files/1_8aede1bc-6844-405c-af27-cd58e440b677.jpg?v=1726122664&width=1080,Jacket
Fusion Jacket Set,341700.0,,https://ridhimehra.com/cdn/shop/files/1_2fe2ce50-3041-4b38-859f-5489842ed730.jpg?v=1726122388&width=1080,Jacket
Revel Jacket Set,341700.0,,https://ridhimehra.com/cdn/shop/files/1_98f9c306-7309-45f5-afd2-6e2720d8a62b.jpg?v=1726121987&width=1080,Jacket
Cadenza Jacket Set,102500.0,,https://ridhimehra.com/cdn/shop/files/1_dfa73d05-575e-4868-a09c-c6a584aa27c4.jpg?v=1736497613&width=1080,Jacket
Pulse Jacket Set,121700.0,,https://ridhimehra.com/cdn/shop/files/1_2ae7c65e-cb19-48ed-9aeb-4760b1204080.jpg?v=1726120377&width=1080,Jacket
Jive Jacket Set,94000.0,,https://ridhimehra.com/cdn/shop/files/1_8b9c6aa5-b051-4a34-a59a-4699ac333bb1.jpg?v=1726119441&width=1080,Jacket
Cadence Jacket Set,105300.0,,https://ridhimehra.com/cdn/shop/files/1_50b154ba-6da6-410c-9d07-677c26434e85.jpg?v=1726117939&width=1080,Jacket
Zeeb Pant Suit set,167900.0,,https://ridhimehra.com/cdn/shop/files/25-06-24_Ridhi_Mehra9064.jpg?v=1753093424&width=1080,Jacket
MEHFIL JACKET SET,124900.0,,https://ridhimehra.com/cdn/shop/files/RM_444.jpg?v=1708601106&width=1080,Jacket
BARFI PANT SUIT,124900.0,,https://ridhimehra.com/cdn/shop/files/01-02-24_RM_.9336.jpg?v=1755858439&width=1080,Jacket
MILAN PANT SUIT SET,206900.0,,https://ridhimehra.com/cdn/shop/files/RM_286.jpg?v=1744451023&width=1080,Jacket
ICON PANT SUIT,210800.0,,https://ridhimehra.com/cdn/shop/files/RM21-11-233458.jpg?v=1750742604&width=1080,Jacket
ICON PANT SUIT,210800.0,,https://ridhimehra.com/cdn/shop/files/RM21-11-232982.jpg?v=1750742605&width=1080,Jacket
EDGY SHARARA JACKET SET,210800.0,,https://ridhimehra.com/cdn/shop/files/Ridhi-Mehra-Ivory_Pearl_Embroidered_Blouse_Paired_With_Organza_Sharara_and_Embroidered_Organza_Sleeveless_Jacket_f491dfa8-f72b-4311-a016-c69b54335da2.jpg?v=1755858518&width=1080,Jacket
Zhavia,258900.0,,https://ridhimehra.com/cdn/shop/products/17_1_9c79f851-eb9c-4da1-b42e-0d720b97cd3e.png?v=1580906100&width=1080,Jacket
