title,price,data,image
GRACE,118800,,https://ridhimehra.com/cdn/shop/files/RM_14211.jpg?v=1777889682&width=1000
MIDNIGHT,124800,,https://ridhimehra.com/cdn/shop/files/RM_15116.jpg?v=1777889381&width=1000
AVELINE,98800,,https://ridhimehra.com/cdn/shop/files/RM_14290.jpg?v=1777889260&width=1000
ELARA,148800,,https://ridhimehra.com/cdn/shop/files/RM_14687.jpg?v=1777889119&width=1000
The Rising Lehenga Set,368800,Limited Edition,https://ridhimehra.com/cdn/shop/files/RM13-01-2626166.jpg?v=1770016998&width=1000
The Archive Lehenga Set,128800,Limited Edition,https://ridhimehra.com/cdn/shop/files/RM13-01-2626275.jpg?v=1770016923&width=1000
The Imprint Skirt Set,52800,Limited Edition,https://ridhimehra.com/cdn/shop/files/RM13-01-2626870.jpg?v=1770016383&width=1000
Serene Lehenga Set,341700,Bestseller,https://ridhimehra.com/cdn/shop/files/UntitledCapture0788copy.jpg?v=1759224060&width=1000
"Shahana 
Lehenga Set",317400,,https://ridhimehra.com/cdn/shop/files/UntitledCapture0996copy.jpg?v=1758955507&width=1000
Beloved  Lehenga Set-RTS,397400,Ready to Ship,https://ridhimehra.com/cdn/shop/files/RidhiMehra21238_2cc0d79f-3f68-4ec9-a36b-038e4b85ad58.jpg?v=1757595336&width=1000
Blush Lehenga Set-RTS,341700,Ready to Ship,https://ridhimehra.com/cdn/shop/files/RidhiMehra23458_4867b5c9-3a56-478b-8246-7efeb6708283.jpg?v=1757595340&width=1000
Devotion Lehenga Set-RTS,238800,Ready to Ship,https://ridhimehra.com/cdn/shop/files/RidhiMehraDay225362_6e637ed3-72b7-4e22-ba95-ba5d4a47a171.jpg?v=1757595341&width=1000
Mist Lehenga Set-RTS,104300,Ready to Ship,https://ridhimehra.com/cdn/shop/files/RidhiMehra22208_19070b86-ce2a-4f97-8912-237f5d336511.jpg?v=1757595343&width=1000
Twilight Lehenga Set-RTS,332400,Ready to Ship,https://ridhimehra.com/cdn/shop/files/RidhiMehra23138_40aa9e6e-a1be-4476-b86f-6f86983b896a.jpg?v=1757595346&width=1000
Ethereal Lehenga Set-RTS,157200,Ready to Ship,https://ridhimehra.com/cdn/shop/files/RidhiMehra22147_8bdbc878-7b8a-4e5f-8e72-f84fc0a3d669.jpg?v=1757595348&width=1000
Evoke Lehenga Set-RTS,151900,Ready to Ship,https://ridhimehra.com/cdn/shop/files/RidhiMehra22500_6e483462-a440-49d8-9879-85316ed71b37.jpg?v=1757595349&width=1000
Essence Lehenga Set-RTS,348000,Ready to Ship,https://ridhimehra.com/cdn/shop/files/RidhiMehraDay227014_76b730b1-748a-425c-af5f-394efb205137.jpg?v=1757595350&width=1000
Gleam Lehenga Set-RTS,294800,Ready to Ship,https://ridhimehra.com/cdn/shop/files/RidhiMehraDay224428_067ad5bf-bfce-464f-affd-ea434a5e7997.jpg?v=1757595353&width=1000
Adore Lehenga Set-RTS,341700,Ready to Ship,https://ridhimehra.com/cdn/shop/files/RidhiMehra21319_9e039454-02ef-4b4f-bc65-ed7571023036.jpg?v=1757595356&width=1000
Serene Lehenga Set-RTS,341700,Ready to Ship,https://ridhimehra.com/cdn/shop/files/RidhiMehraDay224438_c64be0a2-7097-46d0-949b-d41639ed3bee.jpg?v=1757595357&width=1000
Flare Lehenga Set-RTS,102500,Ready to Ship,https://ridhimehra.com/cdn/shop/files/RM26-02-250203_fed90d5e-7988-4b16-b689-aa388d3bdb00.jpg?v=1757595364&width=1000
Zaral Lehenga Set-RTS,121700,Ready to Ship,https://ridhimehra.com/cdn/shop/files/RM24-09-2463599_2e54c39c-f095-4996-aa9c-122f1dff0a0c.jpg?v=1757595404&width=1000
Karisma Kapoor In Ziba Lehenga Set-RTS,94000,Ready to Ship,https://ridhimehra.com/cdn/shop/files/Layer_7_2ddbf90e-0e14-41be-954d-f5b2f152841b.jpg?v=1757595405&width=1000
Zarish Lehenga Set-RTS,105300,Ready to Ship,https://ridhimehra.com/cdn/shop/files/RM24-09-2463341_e12424b5-beaf-4d15-98cb-adeb0c057428.jpg?v=1757595418&width=1000
Suhaila Lehanga Set-RTS,167900,Ready to Ship,https://ridhimehra.com/cdn/shop/files/RM24-09-2463395_87cdbbf5-6f1c-4abd-9652-882b47eee651.jpg?v=1757595420&width=1000
Ruhani Lehenga Set-RTS,124900,Ready to Ship,https://ridhimehra.com/cdn/shop/files/RM24-09-2463272_2f186f29-9be4-497e-8a52-595b76b18664.jpg?v=1757595421&width=1000
Arushi'S Mehra In Sunehri Lehenga Set-RTS,124900,Ready to Ship,https://ridhimehra.com/cdn/shop/files/Layer_2_be4aa016-5830-4029-b465-a3d2a76379b9.jpg?v=1757595423&width=1000
Arnika Lehenga Set-RTS,206900,Ready to Ship,https://ridhimehra.com/cdn/shop/files/RM24-09-2463746_75e8d526-d1e9-4ce6-963f-cb42551d9c72.jpg?v=1757595424&width=1000
Zarina Lehenga Set-RTS,210800,Ready to Ship,https://ridhimehra.com/cdn/shop/files/25-06-24_Ridhi_Mehra0118_c59acb15-a411-4c4c-8207-066fcd3e23ed.jpg?v=1757595461&width=1000
Gulbahar Lehenga Set-RTS,210800,Ready to Ship,https://ridhimehra.com/cdn/shop/files/25-06-24_Ridhi_Mehra9749_b57c0eb0-7d2c-40ab-800f-79a3966f93d5.jpg?v=1757595473&width=1000
Qaruna Lehenga Set-RTS,210800,Ready to Ship,https://ridhimehra.com/cdn/shop/files/25-06-24_Ridhi_Mehra9326_564edea6-d10d-4de2-9ffe-020a27e6d0a1.jpg?v=1757595474&width=1000
Moti Lehenga Set-RTS,258900,Ready to Ship,https://ridhimehra.com/cdn/shop/files/01-02-24_RM_.9432_2579fe0c-9e4e-484c-a905-3c5eb1d934ec.jpg?v=1757595510&width=1000
Swarn Lehenga Set-RTS,309200,Ready to Ship,https://ridhimehra.com/cdn/shop/files/01-02-24_RM_.9501_55505331-7f94-4ff8-ab2d-7bba1b2e627c.jpg?v=1757595513&width=1000
Jhumka Lehenga Set-RTS,317400,Ready to Ship,https://ridhimehra.com/cdn/shop/files/RM_1116_947c5b0e-b4ef-4b42-8fdd-7581555d6a09.jpg?v=1757595523&width=1000
Meetha Lehenga Set-RTS,284800,Ready to Ship,https://ridhimehra.com/cdn/shop/files/RM_731_85be89cb-f2e8-4d2a-840d-5e7608a03788.jpg?v=1757595526&width=1000
Moga Lehenga Set-RTS,237500,Ready to Ship,https://ridhimehra.com/cdn/shop/files/01-02-24_RM_.9380_de09a1d8-a30e-4d21-bc87-3ca6427d6e4d.jpg?v=1757595534&width=1000
Shanno Lehenga Set-RTS,341100,Ready to Ship,https://ridhimehra.com/cdn/shop/files/5_2_4ada26e3-396d-46a3-96a5-160dd5de10ad.jpg?v=1757595535&width=1000
Lahya-RTS,251600,Ready to Ship,https://ridhimehra.com/cdn/shop/files/Ridhimehra-Yellow_Organza_Multicoloured_Embroidered_Lehenga_14cfba66-a2d4-4caf-8899-fcc4b4f462c2.jpg?v=1757595602&width=1000
Promise Lehenga Set,284800,,https://ridhimehra.com/cdn/shop/files/RidhiMehraDay224638_d8a08886-d1f9-4c75-be21-eb2d8c648aad.jpg?v=1753258980&width=1000
Vow  Lehenga Set,341700,,https://ridhimehra.com/cdn/shop/files/RidhiMehra24176.jpg?v=1753258982&width=1000
Beloved  Lehenga Set,397400,Bestseller,https://ridhimehra.com/cdn/shop/files/RidhiMehra21238.jpg?v=1753258984&width=1000
Daydream  Lehenga Set,341700,,https://ridhimehra.com/cdn/shop/files/RidhiMehraDay227240.jpg?v=1753258985&width=1000
Blush Lehenga Set,341700,Bestseller,https://ridhimehra.com/cdn/shop/files/RidhiMehra23458.jpg?v=1753259013&width=1000
Glimpse Lehenga Set,317400,Bestseller,https://ridhimehra.com/cdn/shop/files/RidhiMehra23726.jpg?v=1753259014&width=1000
Devotion Lehenga Set,238800,Bestseller,https://ridhimehra.com/cdn/shop/files/RidhiMehraDay225362.jpg?v=1753259015&width=1000
Mist Lehenga Set,104300,Bestseller,https://ridhimehra.com/cdn/shop/files/RidhiMehra22208.jpg?v=1753259017&width=1000
Desire Lehenga Set,306600,,https://ridhimehra.com/cdn/shop/files/RidhiMehra23361.jpg?v=1753259018&width=1000
Cherish Lehenga Set,210100,Bestseller,https://ridhimehra.com/cdn/shop/files/RidhiMehra21183.jpg?v=1753259020&width=1000
Horizon Lehenga Set,317400,Bestseller,https://ridhimehra.com/cdn/shop/files/RidhiMehra22670.jpg?v=1753259021&width=1000
Twilight Lehenga Set,332400,Bestseller,https://ridhimehra.com/cdn/shop/files/RidhiMehra23138.jpg?v=1753259023&width=1000
Ethereal Lehenga Set,157200,Bestseller,https://ridhimehra.com/cdn/shop/files/RidhiMehra22147.jpg?v=1753259025&width=1000
Evoke Lehenga Set,151900,Bestseller,https://ridhimehra.com/cdn/shop/files/RidhiMehra22500.jpg?v=1753259026&width=1000
Essence Lehenga Set,348000,Bestseller,https://ridhimehra.com/cdn/shop/files/RidhiMehraDay227014.jpg?v=1753259028&width=1000
Charm Lehenga Set,269500,Bestseller,https://ridhimehra.com/cdn/shop/files/RidhiMehraDay225078.jpg?v=1753259030&width=1000
Lustre Lehenga Set,157200,Bestseller,https://ridhimehra.com/cdn/shop/files/RidhiMehra24072.jpg?v=1753259031&width=1000
Dawn Lehenga Set,105300,Bestseller,https://ridhimehra.com/cdn/shop/files/RidhiMehraDay225173.jpg?v=1753259033&width=1000
Gleam Lehenga Set,294800,Bestseller,https://ridhimehra.com/cdn/shop/files/RidhiMehraDay224428.jpg?v=1753259034&width=1000
Becoming Lehenga Set,354000,Bestseller,https://ridhimehra.com/cdn/shop/files/RidhiMehraDay226506.jpg?v=1753259036&width=1000
Adore Lehenga Set,341700,Bestseller,https://ridhimehra.com/cdn/shop/files/RidhiMehra21319.jpg?v=1753259037&width=1000
Serene Lehenga Set,341700,Bestseller,https://ridhimehra.com/cdn/shop/files/RidhiMehraDay224438.jpg?v=1753259039&width=1000
Wishful Lehenga Set,317400,,https://ridhimehra.com/cdn/shop/files/RidhiMehraDay225292.jpg?v=1753259041&width=1000
Floret lehenga set,102500,,https://ridhimehra.com/cdn/shop/files/RM26-02-2507611.jpg?v=1753093286&width=1000
Flare Lehenga Set,102500,,https://ridhimehra.com/cdn/shop/files/RM26-02-250203.jpg?v=1753093288&width=1000
Niharika Lehenga Set,95100,Limited Edition,https://ridhimehra.com/cdn/shop/files/RM24-09-2462651.jpg?v=1753093352&width=1000
Zaral Lehenga Set,121700,Limited Edition,https://ridhimehra.com/cdn/shop/files/RM24-09-2463599.jpg?v=1753093353&width=1000
Zaraana Lehenga Set,341100,Limited Edition,https://ridhimehra.com/cdn/shop/files/RM24-09-2462559.jpg?v=1753093360&width=1000
Swarnika Lehenga Set,341100,Limited Edition,https://ridhimehra.com/cdn/shop/files/RM24-09-24624281.jpg?v=1753093362&width=1000
Ziva Lehenga Set,396000,Limited Edition,https://ridhimehra.com/cdn/shop/files/RM24-09-2463171.jpg?v=1753093367&width=1000
Zarish Lehenga Set,105300,Limited Edition,https://ridhimehra.com/cdn/shop/files/RM24-09-2463341.jpg?v=1753093380&width=1000
Suhaila lehanga set,167900,Limited Edition,https://ridhimehra.com/cdn/shop/files/RM24-09-2463395.jpg?v=1753093381&width=1000
Ruhani Lehenga Set,124900,Limited Edition,https://ridhimehra.com/cdn/shop/files/RM24-09-2463272.jpg?v=1753093383&width=1000
Arnika Lehenga Set,206900,Limited Edition,https://ridhimehra.com/cdn/shop/files/RM24-09-2463746.jpg?v=1753093385&width=1000
Zarina Lehenga set,210800,,https://ridhimehra.com/cdn/shop/files/25-06-24_Ridhi_Mehra0118.jpg?v=1753093397&width=1000
Inaara Lehenga set,337100,,https://ridhimehra.com/cdn/shop/files/25-06-24_Ridhi_Mehra0037.jpg?v=1753093398&width=1000
Sukhan Lehenga set,337600,,https://ridhimehra.com/cdn/shop/files/25-06-24_Ridhi_Mehra0169.jpg?v=1753093400&width=1000
Gulbahar Lehenga set,210800,,https://ridhimehra.com/cdn/shop/files/25-06-24_Ridhi_Mehra9749.jpg?v=1753093407&width=1000
Tabeer Lehenga set,210800,,https://ridhimehra.com/cdn/shop/files/25-06-24_Ridhi_Mehra9271.jpg?v=1755858344&width=1000
Qaruna Lehenga set,210800,,https://ridhimehra.com/cdn/shop/files/25-06-24_Ridhi_Mehra9326.jpg?v=1755858346&width=1000
Lahya,251600,,https://ridhimehra.com/cdn/shop/files/IMG_3259_2a62752a-9815-4a10-92ea-85bc2e01466b.jpg?v=1719821230&width=1000
MOTI LEHENGA SET,258900,,https://ridhimehra.com/cdn/shop/files/01-02-24_RM_.9432.jpg?v=1755858429&width=1000
SWARN LEHENGA SET,309200,,https://ridhimehra.com/cdn/shop/files/01-02-24_RM_.9507.jpg?v=1766646679&width=1000
CHANDNI LEHENGA SET,312400,,https://ridhimehra.com/cdn/shop/files/01-02-24_RM_.9652.jpg?v=1755858436&width=1000
JHUMKA LEHENGA SET,317400,,https://ridhimehra.com/cdn/shop/files/RM_1116.jpg?v=1755858442&width=1000
GALLAAN LEHENGA SET,365100,,https://ridhimehra.com/cdn/shop/files/01-02-24_RM_.9796.jpg?v=1755858444&width=1000
DOLI LEHENGA SET,270500,,https://ridhimehra.com/cdn/shop/files/01-02-24_RM_.9630.jpg?v=1755858446&width=1000
SAANJH LEHENGA SET,228500,,https://ridhimehra.com/cdn/shop/files/RM_1024.jpg?v=1709188123&width=1000
MOGA LEHENGA SET,237500,,https://ridhimehra.com/cdn/shop/files/01-02-24_RM_.9380.jpg?v=1720761250&width=1000
RANI LEHENGA SET,317400,,https://ridhimehra.com/cdn/shop/files/01-02-24_RM_.9241.jpg?v=1709028042&width=1000
DEMI LEHENGA SET,95200,,https://ridhimehra.com/cdn/shop/files/RM21-11-232484.jpg?v=1750742609&width=1000
DEMI LEHENGA SET,95200,,https://ridhimehra.com/cdn/shop/files/RM21-11-232936.jpg?v=1750742610&width=1000
STARLET LEHENGA SET,262800,,https://ridhimehra.com/cdn/shop/files/RM21-11-233047.jpg?v=1750742611&width=1000
GRACE LEHENGA SET,199100,,https://ridhimehra.com/cdn/shop/files/RM21-11-233277.jpg?v=1755858502&width=1000
DREAM LEHENGA SET,353700,,https://ridhimehra.com/cdn/shop/files/RM21-11-233115.jpg?v=1750742618&width=1000
ACE LEHENGA SET,284300,,https://ridhimehra.com/cdn/shop/files/RM21-11-232859.jpg?v=1750742632&width=1000
ENCHANTED LEHENGA SET,367700,,https://ridhimehra.com/cdn/shop/files/RM21-11-233201.jpg?v=1755858506&width=1000
BELORA,209900,,https://ridhimehra.com/cdn/shop/files/12_0d4f8acb-7efa-4bef-8182-ca82d9ccb16a.png?v=1755858544&width=1000
DEMI LEHENGA SET,95200,,https://ridhimehra.com/cdn/shop/files/RM-Red_Net_Embroidered_Applique_Embroidered-Lehenga.jpg?v=1755858563&width=1000
STARLET LEHENGA SET,262800,,https://ridhimehra.com/cdn/shop/files/Ridhi-Mehra-Red_Printed_Raw_Silk_Lehenga.jpg?v=1755858565&width=1000
TRENDSETTER LEHENGA SET,210100,,https://ridhimehra.com/cdn/shop/files/Ridhi-mehra-Ivory-Net_Embroidered_Lehenga.jpg?v=1755858577&width=1000
GRACE LEHENGA SET,199100,,https://ridhimehra.com/cdn/shop/files/RM-Ivory_Net_Embroidered-Lehenga.jpg?v=1696496115&width=1000
ELEGANCE LEHENGA SET,211600,,https://ridhimehra.com/cdn/shop/files/Ridhi-Mehra-Ivory_Net-Embroidered-Lehenga.jpg?v=1696499790&width=1000
DONNA SHIRT LEHENGA SET,283000,,https://ridhimehra.com/cdn/shop/files/Ridhi-Mehra-Ivory-Net-Embroidered-Lehenga.jpg?v=1696500001&width=1000
DREAM LEHENGA SET,353700,,https://ridhimehra.com/cdn/shop/files/Ridhi-mehra-Ivory_Organza_Heavy_Embroidered_Lehenga.jpg?v=1755858581&width=1000
ACE LEHENGA SET,284300,,https://ridhimehra.com/cdn/shop/files/RM-Black_Raw_Silk_Printed_Heavy_Embroidered_Lehenga.jpg?v=1755858595&width=1000
RAZZLE LEHENGA SET,95200,,https://ridhimehra.com/cdn/shop/files/RM-Black_Raw_Silk_Sleeveless-Lehenga.jpg?v=1696510588&width=1000
Ettra,210100,,https://ridhimehra.com/cdn/shop/files/RIDHIMEHRA-LEHENGA.jpg?v=1755858688&width=1000
Mir In Champagne,316300,,https://ridhimehra.com/cdn/shop/files/RIDHIMEHRA-CHAMPAGNE_GOLD_FULLY_EMBROIDERED_NET-LEHENGA.jpg?v=1695793239&width=1000
Rayyah,264300,,https://ridhimehra.com/cdn/shop/files/RIDHIMEHRA-FUCHSIA_EMBROIDERED_LEHENGA.jpg?v=1695800844&width=1000
Pero In Fuchsia,304000,,https://ridhimehra.com/cdn/shop/files/RIDHIMEHRA_FUCHSIA_NET_EMBROIDERED_LEHENGA.jpg?v=1755858702&width=1000
Zarra In Dusky Pink,187900,,https://ridhimehra.com/cdn/shop/files/RIDHIMEHRA-DUSKY_PINK_ORGANZA_LEHENGA.jpg?v=1695814242&width=1000
Heer In Dusky Pink,290500,,https://ridhimehra.com/cdn/shop/files/RIDHIMEHRA-DUSKY_PINK_EMBROIDERED_LEHENGA.jpg?v=1750064262&width=1000
Naznin,209900,,https://ridhimehra.com/cdn/shop/files/ss.jpg?v=1755858707&width=1000
Aniaz,224200,Sold Out,
Lail,84500,,https://ridhimehra.com/cdn/shop/products/Ridhi_mehra-Light_Pink_Printed_Raw_Silk_Embroidered-Saree.jpg?v=1696572188&width=1000
Qaifa,119100,,https://ridhimehra.com/cdn/shop/products/RIDHI-MEHRA-Red_Net_Monotone_Embroidered_Organza_Draped_Blouse_Paired_With_Chiffon_Ruching_Skirt.jpg?v=1696576754&width=1000
Lahya,251600,,https://ridhimehra.com/cdn/shop/products/Ridhimehra-Yellow_Organza_Multicoloured_Embroidered_Lehenga.jpg?v=1696574455&width=1000
Naahiyah,90700,,https://ridhimehra.com/cdn/shop/products/Ridhi-Mehra-Dusky_Pink_Net-Embroidered-Saree.jpg?v=1696571827&width=1000
Gopalika Virmani in Pero,304000,Ships in 5days,https://ridhimehra.com/cdn/shop/products/RIDHI-MEHRA_IVORY_NET_EMBROIDERED_LEHENGA.jpg?v=1695727890&width=1000
Zuhr,200300,,https://ridhimehra.com/cdn/shop/products/RIDHIMEHRA-SILK_EMBROIDERED_LEHENGA.jpg?v=1755858733&width=1000
Zeeana,251600,,https://ridhimehra.com/cdn/shop/products/RIDHIMEHRA-ORGANZA-LEHENGA.jpg?v=1755858734&width=1000
Aftaab,188800,,https://ridhimehra.com/cdn/shop/products/RIDHIMEHRA-YELLOW-LEHENGA.jpg?v=1755858738&width=1000
Raha,269500,,https://ridhimehra.com/cdn/shop/products/RIDHIMEHRA-YELLOW_GEORGETTE_RUFFLED_BODYSUIT.jpg?v=1695724045&width=1000
Pero,304000,,https://ridhimehra.com/cdn/shop/products/RIDHIMEHRA-NET_EMBROIDERED_LEHENGA.jpg?v=1695721164&width=1000
Mir,316300,,https://ridhimehra.com/cdn/shop/products/Ridhi-Mehra-Ivory_Net_Embroidered_Lehenga_Blouse_And_Dupatta.jpg?v=1755858741&width=1000
Zarra,187900,,https://ridhimehra.com/cdn/shop/products/RIDHIMEHRA-EMBROIDERED_LEHENGA.jpg?v=1755858747&width=1000
Heer,290500,,https://ridhimehra.com/cdn/shop/products/RM_Champagne_Embroidered_Net_Cape_Sleeveless_Organza_Blouse_And_Net_Lehenga.jpg?v=1755858749&width=1000
Roos,87400,,
Ianthe,84300,,https://ridhimehra.com/cdn/shop/products/Ridhi-Mehra-Navy-printed-raw_silk_blouse_with_plain_printed_raw_silk_lehenga.jpg?v=1755858771&width=1000
Charmaine,99900,,https://ridhimehra.com/cdn/shop/products/Ridhi-Mehra-Red-beige_printed_raw_silk_embroidered_blouse_with_plain_printed_lehenga.jpg?v=1755858776&width=1000
Reanna,251600,,https://ridhimehra.com/cdn/shop/products/Ridhi-Mehra-Cherry_red_net_embroidered-Lehenga.jpg?v=1696588695&width=1000
Quinn,187900,,https://ridhimehra.com/cdn/shop/products/Ridhi-Mehra-Navy-embroidered_raw_silk_Lehenga.jpg?v=1755858378&width=1000
Shannon,237500,,https://ridhimehra.com/cdn/shop/products/Ridhi-Mehra-Beige_pink_net_embellished_blouse_and_heavy_embroidered_net_lehenga.jpg?v=1696835527&width=1000
LAUREL,178200,,https://ridhimehra.com/cdn/shop/products/8_3f5e943d-b1a1-48ac-a8ef-d8902e2c6bed.jpg?v=1653300164&width=1000
ZAHRA,252400,,https://ridhimehra.com/cdn/shop/products/21.jpg?v=1647761376&width=1000
LAUREL,178200,,https://ridhimehra.com/cdn/shop/products/Ridhi-Mehra-Embroidered_organza_lehenga.jpg?v=1696662819&width=1000
FLORYN,209900,Bestseller,https://ridhimehra.com/cdn/shop/products/10_1a61e0ef-77f0-4dba-8bd7-d1468dd4a3b2.jpg?v=1647854760&width=1000
CARNATION,252400,,https://ridhimehra.com/cdn/shop/products/4_c09a109d-6204-4313-bd69-30f0fc22dd85.jpg?v=1647864508&width=1000
Gulbagh,209900,,https://ridhimehra.com/cdn/shop/products/57.jpg?v=1641635670&width=1000
Nahiza,252400,,https://ridhimehra.com/cdn/shop/products/38.jpg?v=1755858857&width=1000
Noorien,209900,Bestseller,https://ridhimehra.com/cdn/shop/products/60.jpg?v=1641634887&width=1000
Ersheen,196400,Bestseller,https://ridhimehra.com/cdn/shop/products/RM_Embroidered_net_blouse_with_embroidered_raw_silk_lehenga_and_net_ruffled_dupatta.jpg?v=1755858906&width=1000
Norieen,284300,,https://ridhimehra.com/cdn/shop/products/43.jpg?v=1636874517&width=1000
Miraan,252400,Bestseller,https://ridhimehra.com/cdn/shop/products/29.jpg?v=1755858910&width=1000
SUZZONE,87400,,https://ridhimehra.com/cdn/shop/products/11_14aa557a-8a41-4897-bbf4-bab028c77c1b.png?v=1625142929&width=1000
GAMILA,199100,,https://ridhimehra.com/cdn/shop/products/21_892cb49e-90fd-43b2-b8a5-98a91bb26d5f.png?v=1625037293&width=1000
SHERITA,83400,,https://ridhimehra.com/cdn/shop/products/2_bbc663d1-6d2b-4479-983c-674a0c571c68.png?v=1625142280&width=1000
BIANA,95200,,https://ridhimehra.com/cdn/shop/products/5_866ace00-d85c-43ac-8ea4-11e0106667cf.png?v=1755858920&width=1000
NASRIN BELT,20900,,https://ridhimehra.com/cdn/shop/products/11_01.png?v=1640867827&width=1000
ZAIDA with Belt,95200,,https://ridhimehra.com/cdn/shop/products/5_3_01606765-fd3d-4551-ad89-4079a6041f08.png?v=1612161350&width=1000
DIBA,262800,,https://ridhimehra.com/cdn/shop/products/16_81cc3ce0-c736-4c78-a757-d14d26018aee.png?v=1611484567&width=1000
ARSHIYA,242200,,https://ridhimehra.com/cdn/shop/products/15_1_5ffa31e0-6581-433d-be85-e8133ab478f3.png?v=1611483950&width=1000
ZOHA,90700,,https://ridhimehra.com/cdn/shop/products/8_1_78bfabd9-f1e5-4609-9a7c-b6ade3545606.png?v=1611483826&width=1000
HENNAH,259100,,https://ridhimehra.com/cdn/shop/products/2_3_aa7c3da3-d4ce-495e-bad0-12aa15e819bf.png?v=1611812004&width=1000
ANAHITA WITH BELT,95900,,https://ridhimehra.com/cdn/shop/products/13_1_0a8f09dd-1274-44a7-95ce-1cac1d3b1754.png?v=1611483318&width=1000
ZENDAYA,283400,,https://ridhimehra.com/cdn/shop/products/RM-Ivory_heavily_embroidered_lehenga.png?v=1696662369&width=1000
NASRIN with Belt,104300,,https://ridhimehra.com/cdn/shop/products/6_50670675-3590-4ba4-940c-2083a67fd1c3.png?v=1605964219&width=1000
TAVI,146800,Bestseller,https://ridhimehra.com/cdn/shop/products/19_714fd3bb-6e98-4f66-81b5-29a74037590a.png?v=1605948538&width=1000
Aaila,79200,,https://ridhimehra.com/cdn/shop/products/RIDHIMEHRA8736.jpg?v=1596627184&width=1000
Aaila,79200,,https://ridhimehra.com/cdn/shop/products/RIDHIMEHRA8936.jpg?v=1596626311&width=1000
Basra Pearl Lehenga,249600,,https://ridhimehra.com/cdn/shop/products/untitledsession35836_std.jpg?v=1590843249&width=1000
Aliyah,147200,,https://ridhimehra.com/cdn/shop/products/02_4.png?v=1582878203&width=1000
Aaila,79200,,https://ridhimehra.com/cdn/shop/products/14_2_c939dab3-8dda-4241-88ed-d5fd68ded3f5.png?v=1580994391&width=1000
Zareen,79200,,https://ridhimehra.com/cdn/shop/products/26_3.png?v=1580818179&width=1000
Mahtab,239000,,https://ridhimehra.com/cdn/shop/products/05_2.png?v=1755858960&width=1000
MORVARID,199700,,https://ridhimehra.com/cdn/shop/products/31_2.png?v=1580819372&width=1000
Avaleigh,239000,,https://ridhimehra.com/cdn/shop/products/11_1_9e07d6a0-aaa1-4a33-a3d4-f913a22c8b85.png?v=1580901418&width=1000
Zareen,79200,,https://ridhimehra.com/cdn/shop/products/22_2_c1aee217-f9a2-4b65-b5a2-62c409425a9c.png?v=1580906258&width=1000
Morvarid,262800,,https://ridhimehra.com/cdn/shop/products/06_1_461eeb06-f331-4336-a610-007fd0c2d2ef.png?v=1580899950&width=1000
Inez,227400,,https://ridhimehra.com/cdn/shop/products/12_2_830a438f-e6af-44f2-ae51-bec7a0f9e942.png?v=1580909217&width=1000
Holly,135400,,https://ridhimehra.com/cdn/shop/products/09_2_48b555b7-eeee-4eb3-a3c5-79f2e76c05a1.png?v=1581060676&width=1000
Arezoo,200300,,https://ridhimehra.com/cdn/shop/products/R-M_LOOKBOOK_30-1-182611_copy.jpg?v=1544099002&width=1000
Firdaus,209900,,https://ridhimehra.com/cdn/shop/products/RIDHI_MEHRA_14.08.182162.jpg?v=1535628428&width=1000
